S_no,furnished_status,facing,car_parking,type_of_ownership,booking_amount,buy_total_price
1,Furnished,West,1,,,7500000
2,Furnished,East,3,,,46000000
3,Semi-Furnished,West,1,,,2900000
4,Furnished,East,0,,,4500000
5,Unfurnished,East,1,,,2450000
6,Semi-Furnished,North,0,,,8000000
7,Semi-Furnished,South-East,1,,,7000000
8,Furnished,,0,,,1300000
9,Furnished,East,1,,,3200000
10,Semi-Furnished,East,3,,,6200000
11,Unfurnished,East,1,,,6500000
12,Semi-Furnished,,,,,4200000
13,Semi-Furnished,,,,,12000000
14,Semi-Furnished,,,,,3500000
15,Semi-Furnished,,,,,9500000
17,Semi-Furnished,,,,,4300000
18,Semi-Furnished,,,,,3700000
19,Semi-Furnished,,,,,4700000
20,Furnished,East,2,,,3000000
21,Furnished,South,3+,,,34999999
22,Semi-Furnished,West,1,,,6000000
23,Semi-Furnished,,,,,5900000
24,Semi-Furnished,,,,,7500000
25,Semi-Furnished,,,,,6800000
26,Semi-Furnished,East,2,,,7200000
27,Semi-Furnished,East,2,,,7500000
28,Semi-Furnished,East,2,,,8500000
29,Semi-Furnished,East,2,,,8900000
30,Semi-Furnished,East,2,,,5800000
31,Semi-Furnished,East,2,,,9800000
32,Semi-Furnished,East,2,,,12500000
34,Semi-Furnished,East,2,,,8800000
36,Semi-Furnished,East,2,,,6000000
37,Semi-Furnished,East,2,,,6800000
38,Semi-Furnished,East,3+,,,2700000
39,Semi-Furnished,East,3,,,7300000
40,Unfurnished,West,1,,,3700000
41,Semi-Furnished,North,1,,,8300000
42,Semi-Furnished,North,2,,,3900000
43,Semi-Furnished,,2,,,7500000
44,Semi-Furnished,,2,,,6500000
45,Semi-Furnished,,2,,,6800000
46,Semi-Furnished,,,,,6500000
47,Semi-Furnished,West,2,,,4300000
50,Semi-Furnished,East,3,,,12000000
51,Semi-Furnished,East,3+,,,8500000
53,Unfurnished,East,0,,,3300000
54,Semi-Furnished,North,0,,,5500000
55,Semi-Furnished,,,,,4000000
56,Semi-Furnished,,1,,,2500000
57,Furnished,West,0,,,2100000
58,Semi-Furnished,West,1,,,4500000
59,Semi-Furnished,West,1,,,6900000
60,Furnished,North-East,3,,,12500000
61,Furnished,South-East,1,,,5500000
62,Semi-Furnished,,,,,400000
63,Unfurnished,East,0,,,1800000
64,Semi-Furnished,East,0,,,6000000
65,Unfurnished,South-East,1,,,850000
66,Unfurnished,West,1,,,6200000
67,Unfurnished,North,2,,,2600000
68,Furnished,East,1,,,2500000
69,Semi-Furnished,East,3,,,7600000
70,Semi-Furnished,West,2,,,7500000
71,Semi-Furnished,West,2,,,6500000
73,Semi-Furnished,East,,,,7500000
74,Semi-Furnished,East,2,,,7000000
76,Semi-Furnished,East,0,,,7000000
77,Furnished,North-East,3+,,,50000000
79,Furnished,South-West,1,,,8000000
80,Semi-Furnished,South-East,2,,,5400000
81,Unfurnished,East,1,,,6300000
82,Semi-Furnished,North-East,1,,,3500000
83,Semi-Furnished,East,1,,,3700025
84,Unfurnished,,2,,,14500000
85,Unfurnished,,,,,5750000
86,Semi-Furnished,East,1,,,2500000
87,Furnished,East,1,,,2799000
88,Semi-Furnished,East,1,,,2100000
89,,,,,,
90,Furnished,East,0,,,3300000
91,Semi-Furnished,North-East,1,,,5290022
92,Unfurnished,West,1,,,3900000
93,Semi-Furnished,North-East,1,,,4590011
95,Semi-Furnished,South-West,2,,,4000000
96,Semi-Furnished,West,3+,,,7900000
97,Semi-Furnished,East,0,,,6300000
98,Semi-Furnished,East,1,,,4700000
99,Furnished,North,1,,,7000000
101,Semi-Furnished,North,1,,,3000000
102,Semi-Furnished,East,2,,,11000000
103,Semi-Furnished,North,,,,7500000
106,Semi-Furnished,East,2,,,7600000
107,Semi-Furnished,East,1,,,4890000
108,Semi-Furnished,East,1,,,3999999
109,Semi-Furnished,East,1,,,3600000
110,Semi-Furnished,East,3,,,9000000
111,Furnished,East,3+,,,23500000
112,Furnished,East,3+,,,45000000
113,Unfurnished,East,3+,,,48000000
114,Unfurnished,East,,,,250000
115,Unfurnished,East,2,,,23000000
116,Unfurnished,East,2,,,32500000
117,Semi-Furnished,East,,,,2500000
118,Semi-Furnished,,,,,3800000
119,Semi-Furnished,North,1,,,3800000
120,Unfurnished,East,1,,,1650000
121,Unfurnished,East,2,,,18500000
122,Unfurnished,East,2,,,8500000
123,Furnished,West,0,,,2500000
124,Unfurnished,East,3,,,26000000
125,Semi-Furnished,East,1,,,4200000
126,Furnished,East,2,,,28500000
127,Semi-Furnished,North,2,,,5800000
128,Unfurnished,,1,,,3500000
129,Unfurnished,East,1,,,17000000
130,Furnished,East,1,,,5500000
131,Furnished,East,1,,,3900000
132,Furnished,East,2,,,9800000
133,Furnished,East,1,,,2800000
134,Unfurnished,,2,,,6400000
135,Semi-Furnished,,,,,4500000
137,Unfurnished,North,0,,,1700000
138,Unfurnished,North,1,,,360000
139,Furnished,South-West,2,,,13000000
140,Semi-Furnished,East,3+,,,3000000
141,Semi-Furnished,East,1,,,3551000
142,Furnished,West,1,,,16500000
143,Semi-Furnished,West,3+,,,1700000
144,Semi-Furnished,North,1,,,3900000
145,Semi-Furnished,East,2,,,4300000
146,Semi-Furnished,East,,,,5600000
147,Semi-Furnished,East,2,,,23000000
148,Semi-Furnished,East,3,,,4500000
149,Furnished,East,0,,,3100000
150,Unfurnished,East,1,,,4200000
151,,South-West,1,,,19000000
153,Semi-Furnished,West,,,,500000
154,Semi-Furnished,East,3,,,11000000
155,Semi-Furnished,,3,,,8100000
156,Semi-Furnished,North-East,0,,,27000000
157,Furnished,North,1,,,8570000
159,Furnished,East,3+,,,19999999
160,Furnished,North-East,0,,,2800000
161,Unfurnished,East,3,,,9800000
163,Semi-Furnished,,,,,2800000
164,Semi-Furnished,,,,,7400000
165,Semi-Furnished,West,1,,,15000000
166,Unfurnished,East,3,,,13300000
167,Semi-Furnished,West,1,,,8000000
168,Semi-Furnished,North-East,3+,,,2500000
169,Unfurnished,East,1,,,2350000
170,Semi-Furnished,,,,,10500000
171,Unfurnished,East,2,,,1500000
172,Unfurnished,East,2,,,3000000
173,Unfurnished,West,2,,,1500000
174,Unfurnished,East,1,,,4500000
175,Semi-Furnished,East,3,,,8500000
177,Semi-Furnished,East,3,,,4700000
178,Unfurnished,South-East,2,,,7200000
179,Furnished,South-East,1,,,6570000
180,Semi-Furnished,West,2,,,2800000
181,Semi-Furnished,East,3,,,6300000
183,Semi-Furnished,East,3+,,,26500000
184,Semi-Furnished,,,,,4989890
185,Semi-Furnished,East,,,,6800000
186,Semi-Furnished,East,3,,,9800000
187,,North,,,,3200000
189,Semi-Furnished,East,2,,,6500000
190,Unfurnished,East,2,,,14000000
191,Semi-Furnished,East,2,,,24400000
192,Unfurnished,East,2,,,46500000
193,Semi-Furnished,East,3,,,31000000
194,Semi-Furnished,East,3,,,16500000
195,Semi-Furnished,East,2,,,15000000
196,Furnished,East,3+,,,20000000
197,Semi-Furnished,South-East,3+,,,16500000
198,Semi-Furnished,East,1,,,4000000
199,Semi-Furnished,North,2,,,15500000
200,Unfurnished,North-East,0,,,1800000
201,Furnished,East,2,,,26000000
202,Unfurnished,East,2,,,15500000
203,Furnished,East,2,,,23000000
204,Semi-Furnished,East,2,,,16500000
205,Unfurnished,East,3+,,,27500000
206,Unfurnished,East,2,,,11800000
207,Semi-Furnished,South-West,2,,,16000000
208,Unfurnished,East,1,,,2400000
209,Unfurnished,West,1,,,5000000
211,Unfurnished,East,1,,,6000000
215,Semi-Furnished,East,1,,,67000000
216,Unfurnished,East,3,,,35000000
217,Semi-Furnished,East,3+,,,25000000
219,Semi-Furnished,North,1,,,6000000
220,Semi-Furnished,North,1,,,5500000
221,Furnished,North-West,1,,,2699999
225,Semi-Furnished,East,2,,,5400000
227,Furnished,North-East,2,,,12500000
228,Furnished,,,,,4750000
229,Furnished,East,1,,,13000000
230,Semi-Furnished,,1,,,250000
231,Semi-Furnished,East,1,,,7000000
232,Unfurnished,West,2,,,15500000
233,Semi-Furnished,East,1,,,5000000
234,Unfurnished,East,1,,,9650000
235,Semi-Furnished,North-East,,,,3200000
236,Semi-Furnished,East,,,,15500000
237,Semi-Furnished,South,1,,,5900000
238,Furnished,North,1,,,9000000
239,Semi-Furnished,North-East,,,,2700000
240,Semi-Furnished,North-East,,,,2550000
242,Unfurnished,,0,,,1800000
243,Semi-Furnished,North,2,,,7500000
244,Semi-Furnished,North-East,1,,,5300000
246,Semi-Furnished,North-East,,,,4200000
247,Furnished,South,2,,,3800000
248,Unfurnished,East,1,,,5250000
249,Unfurnished,East,0,,,4500000
250,Semi-Furnished,North-East,,,,2400000
251,Unfurnished,East,1,,,2100000
252,Semi-Furnished,East,1,,,11500000
253,Unfurnished,West,1,,,6300000
254,Semi-Furnished,North,1,,,11000000
255,Semi-Furnished,South,1,,,10500000
256,Unfurnished,West,1,,,3200000
257,Furnished,North,3,,,18000000
258,Unfurnished,North-East,3,,,3800000
259,Semi-Furnished,North-East,,,,2900000
260,Semi-Furnished,North-East,,,,2850000
261,Semi-Furnished,East,3+,,,4900000
262,Unfurnished,West,0,,,2300000
263,Furnished,,,,,13000000
264,,East,1,,,3500000
265,Semi-Furnished,West,2,,,2999999
266,Furnished,North,1,,,6500000
268,Semi-Furnished,South,3+,,,3610000
272,Semi-Furnished,East,2,,,8000000
273,Semi-Furnished,East,3+,,,11500000
274,Semi-Furnished,East,,,,6700000
275,Furnished,North-East,,,,3650000
276,Unfurnished,,1,,,17900000
277,Unfurnished,North-East,,,,2900000
278,Unfurnished,South,1,,,3500000
279,Semi-Furnished,East,1,,,7500000
280,Semi-Furnished,,,,,17500000
281,Semi-Furnished,West,1,,,1749999
282,Furnished,East,1,,,3400000
283,Furnished,North-East,1,,,4500000
284,Furnished,East,3,,,12000000
285,Unfurnished,East,2,,,6000000
286,Semi-Furnished,East,2,,,4200000
287,Semi-Furnished,West,1,,,4700000
288,Semi-Furnished,,,,,6275000
289,Semi-Furnished,North-East,,,,4650000
290,Semi-Furnished,North-East,,,,2500000
291,Semi-Furnished,East,,,,6500000
292,Furnished,East,1,,,1850000
293,Furnished,,1,,,8200000
295,Furnished,East,1,,,8700000
296,Semi-Furnished,East,3+,,,13800000
297,Semi-Furnished,West,2,,,3500000
298,Semi-Furnished,South,0,,,5500000
299,Unfurnished,East,0,,,1000000
300,Furnished,,0,,,10000
301,Unfurnished,East,0,,,3500000
302,Unfurnished,North-East,0,,,1150000
303,Furnished,East,1,,,800000
304,Semi-Furnished,East,1,,,1849999
305,Unfurnished,North-East,0,,,3500000
306,Semi-Furnished,,,,,3600000
307,Furnished,North-East,3+,,,25000000
309,Unfurnished,,,,,5500000
310,Furnished,East,2,,,4700000
311,Furnished,East,3,,,4500000
312,Furnished,East,2,,,9900000
314,Semi-Furnished,North-East,,,,3950000
315,Semi-Furnished,,2,,,11000000
316,Semi-Furnished,East,2,,,9500000
317,Unfurnished,East,0,,,6600000
318,Semi-Furnished,North-East,,,,2975000
319,Semi-Furnished,North-East,,,,3600000
321,Semi-Furnished,North-East,1,,,6000000
322,Semi-Furnished,East,0,,,1550000
323,Furnished,,1,,,400000
324,Semi-Furnished,,3+,,,20000000
326,Unfurnished,,,,,3900000
327,Furnished,East,1,,,7900000
328,Semi-Furnished,,2,,,7000000
329,Semi-Furnished,East,3,,,6000000
330,Semi-Furnished,East,1,,,1949999
331,Unfurnished,West,,,,1600000
332,Unfurnished,,2,,,8500000
333,Semi-Furnished,North,1,,,9249999
334,Furnished,West,1,,,5499999
335,Unfurnished,North-West,3,,,6450000
336,Furnished,North-East,1,,,4150000
337,Furnished,West,1,,,4150000
338,Furnished,East,1,,,6500000
339,Semi-Furnished,North,1,,,8150000
340,Semi-Furnished,North,1,,,8000000
341,Semi-Furnished,East,2,,,5500000
342,Semi-Furnished,West,1,,,2449999
343,Furnished,West,0,,,42100000
344,Semi-Furnished,South-East,1,,,3500000
345,Unfurnished,,0,,,820000
346,Furnished,South,0,,,1650000
347,Semi-Furnished,East,1,,,4490022
348,Unfurnished,North,1,,,5300000
349,Semi-Furnished,North-East,1,,,3590022
350,Unfurnished,North,1,,,9000000
351,Furnished,,1,,,11000000
355,Semi-Furnished,East,1,,,11011000
357,Semi-Furnished,,2,,,5700000
359,Unfurnished,West,1,,,5500000
360,Unfurnished,North-East,1,,,6100000
361,Furnished,South,1,,,3600000
363,Unfurnished,West,2,,,2700000
364,Semi-Furnished,,,,,6000000
365,Furnished,South,2,,,6250000
366,Semi-Furnished,North,0,,,1700000
367,Unfurnished,North-East,1,,,3800000
369,Unfurnished,South-East,2,,,15000000
370,Unfurnished,East,3,,,27500000
371,Semi-Furnished,East,0,,,2000000
372,Semi-Furnished,North-West,1,,,12500000
373,Furnished,North,1,,,2900000
374,Semi-Furnished,West,,,,6000000
375,Semi-Furnished,South-East,2,,,8800000
376,Semi-Furnished,East,3+,,,18000000
377,Semi-Furnished,South-East,2,,,40000000
378,Unfurnished,,2,,,3500000
379,Unfurnished,North-East,0,,,3000000
380,Furnished,East,2,,,5500000
381,Furnished,East,2,,,13500000
382,Furnished,East,3,,,7900000
383,Semi-Furnished,North-East,3,,,5800000
384,Unfurnished,South-West,,,,3500000
385,Unfurnished,,0,,,4000000
386,Semi-Furnished,West,1,,,5500000
387,Semi-Furnished,East,1,,,9700000
388,Unfurnished,,1,,,6000000
389,Unfurnished,East,2,,,4500000
390,Furnished,East,1,,,17000000
391,Semi-Furnished,North,2,,,6700000
392,Semi-Furnished,North-East,3,,,24100000
393,Unfurnished,East,1,,,2850000
394,Semi-Furnished,East,,,,5000000
395,Semi-Furnished,,2,,,8500000
396,Semi-Furnished,East,1,,,4500000
397,Furnished,North-East,0,,,5500000
398,Semi-Furnished,East,0,,,4500000
399,Furnished,,,,,1700000
400,Furnished,South-West,2,,,3800000
401,Unfurnished,North-East,0,,,5300000
402,Furnished,West,2,,,6000000
403,,North-West,1,,,15500000
404,Furnished,East,,,,19500000
405,Furnished,East,2,,,8500000
406,Furnished,East,2,,,6800000
407,Furnished,East,1,,,6000000
408,Semi-Furnished,North-East,2,,,7000000
409,Semi-Furnished,East,0,,,3700000
410,Furnished,East,2,,,6900000
411,Furnished,East,2,,,7000000
412,Furnished,East,2,,,6200000
413,Furnished,East,2,,,5900000
414,Semi-Furnished,East,2,,,8200000
415,Furnished,East,2,,,4000000
416,Furnished,East,3,,,6900000
418,Semi-Furnished,West,1,,,6099000
419,Semi-Furnished,East,2,,,6499000
420,Semi-Furnished,East,2,,,4399000
421,Unfurnished,,1,,,5800000
422,Semi-Furnished,North,3+,,,12000
423,Furnished,East,2,,,7500000
424,Unfurnished,South,0,,,9200000
425,Unfurnished,,,,,3500000
426,Unfurnished,East,3,,,8000000
427,Semi-Furnished,East,1,,,1600000
428,Semi-Furnished,East,1,,,9000000
429,Furnished,North,1,,,3791000
430,Unfurnished,North,0,,,6000000
431,Semi-Furnished,North,1,,,15000
432,Semi-Furnished,East,1,,,14200000
433,Unfurnished,,,,,5000000
434,Semi-Furnished,East,1,,,24500000
435,Unfurnished,East,3,,,42000000
441,Semi-Furnished,East,2,,,4400000
442,Semi-Furnished,East,2,,,4398000
444,Semi-Furnished,,,,,32500000
445,Semi-Furnished,North,,,,3500000
446,Furnished,South-East,1,,,6100000
447,Semi-Furnished,East,2,,,2900000
448,Unfurnished,North,1,,,2700000
449,Semi-Furnished,East,1,,,4799999
450,Unfurnished,East,1,,,2000000
451,Semi-Furnished,East,2,,,19500000
452,Furnished,North-East,3+,,,48000000
454,Furnished,West,2,,,8000000
455,Semi-Furnished,North,,,,6000000
456,Semi-Furnished,West,,,,20000000
457,Semi-Furnished,,,,,7000000
458,Unfurnished,North,1,,,4700000
459,Semi-Furnished,West,1,,,15500000
461,Furnished,East,,,,3200000
462,Unfurnished,South-West,0,,,1750000
463,Furnished,South-West,0,,,2800000
464,Semi-Furnished,North-West,2,,,6800000
465,Furnished,North-East,1,,,150000000
466,Semi-Furnished,North-East,1,,,5800000
467,Semi-Furnished,West,1,,,4000000
468,,West,1,,,4800000
469,Semi-Furnished,South-East,1,,,4500000
470,Semi-Furnished,North,0,,,2500000
471,Unfurnished,,,,,2550000
472,Unfurnished,East,1,,,4000000
473,Unfurnished,East,1,,,5200000
474,Semi-Furnished,,0,,,5000000
475,Unfurnished,,0,,,2500000
476,Semi-Furnished,North,1,,,4000000
477,Semi-Furnished,North,0,,,4800000
479,Unfurnished,North,3+,,,2600000
480,Furnished,East,0,,,1800000
481,Furnished,,3+,,,200000000
482,Furnished,West,1,,,5700000
483,Semi-Furnished,South,,,,3800000
484,Furnished,North,0,,,4500000
486,Unfurnished,East,,,,4600000
487,Furnished,East,1,,,7200000
488,Furnished,West,1,,,1400000
489,Semi-Furnished,South-West,1,,,1800000
490,Semi-Furnished,North-East,2,,,6000000
491,Semi-Furnished,East,2,,,4900000
492,Semi-Furnished,East,3+,,,6500000
494,Unfurnished,South,0,,,2000000
495,Furnished,North-East,1,,,6200000
496,Furnished,,,,,7000000
497,Semi-Furnished,East,1,,,3800000
498,Unfurnished,West,0,,,2000000
503,Furnished,West,0,,,2200000
505,Semi-Furnished,East,1,,,6025000
506,Semi-Furnished,East,0,,,3300000
517,Semi-Furnished,West,2,,,6200000
518,Semi-Furnished,North-East,0,,,3800000
519,Semi-Furnished,East,1,,,35000000
520,Semi-Furnished,East,2,,,13000000
521,Furnished,West,1,,,9500000
522,Semi-Furnished,East,1,,,12500000
523,Semi-Furnished,North-East,1,,,13000000
525,Semi-Furnished,East,2,,,3500000
526,Semi-Furnished,North-West,2,,,27500000
527,Furnished,East,1,,,2750000
528,Furnished,North-East,1,,,8500000
529,Semi-Furnished,East,2,,,4600000
530,Unfurnished,East,0,,,2200000
532,Semi-Furnished,North-East,1,,,5850000
533,Semi-Furnished,South,0,,,1050000
534,Unfurnished,West,1,,,4700000
535,Furnished,West,2,,,7000000
536,Semi-Furnished,East,3+,,,26000000
537,Semi-Furnished,East,2,,,4500000
539,Semi-Furnished,North-East,1,,,4000000
540,Semi-Furnished,North-West,1,,,2800000
541,Semi-Furnished,North-West,0,,,2800000
542,Semi-Furnished,North-East,1,,,4800000
543,Semi-Furnished,North-East,0,,,2800000
544,Furnished,South,1,,,5700000
546,Semi-Furnished,North,0,,,12500000
547,Semi-Furnished,West,0,,,10000
548,Semi-Furnished,East,1,,,4699000
549,Semi-Furnished,South-East,1,,,6500000
550,Semi-Furnished,North,1,,,5100000
551,Semi-Furnished,,2,,,27500000
552,Furnished,North,1,,,3500000
553,Semi-Furnished,West,1,,,2850000
554,Semi-Furnished,East,1,,,3200000
556,Semi-Furnished,North-West,1,,,67000000
557,Semi-Furnished,East,0,,,2500000
560,Unfurnished,East,0,,,1500000
561,Furnished,East,0,,,3800000
562,Semi-Furnished,East,1,,,6000000
565,Semi-Furnished,North,0,,,3100000
566,Semi-Furnished,East,1,,,4600000
568,Semi-Furnished,East,1,,,6200000
569,Furnished,West,1,,,6500000
570,Unfurnished,North,1,,,25000000
571,Unfurnished,East,1,,,7300000
572,Semi-Furnished,North,1,,,4800000
574,Furnished,West,2,,,5500000
575,Semi-Furnished,South,0,,,3200000
576,Semi-Furnished,East,1,,,25000000
577,Semi-Furnished,West,0,,,4890000
578,Semi-Furnished,East,,,,1900000
580,Furnished,East,1,,,2475000
581,Semi-Furnished,East,1,,,2650000
582,Semi-Furnished,North,1,,,6800000
583,Semi-Furnished,East,1,,,2799000
584,Furnished,South-East,1,,,7500000
585,Furnished,West,1,,,4800000
587,Semi-Furnished,North-East,1,,,4500000
588,Furnished,West,1,,,5800000
589,Furnished,East,1,,,5800000
590,Semi-Furnished,South-West,1,,,10000000
591,Semi-Furnished,North-East,1,,,6700000
592,Semi-Furnished,West,1,,,8500000
593,Semi-Furnished,East,1,,,20000000
594,Unfurnished,North,0,,,4000000
595,Furnished,East,1,,,4200000
596,Unfurnished,East,0,,,2000000
597,Unfurnished,West,0,,,3200000
599,Unfurnished,East,0,,,8000000
600,Semi-Furnished,North,0,,,3599000
601,Furnished,North,1,,,3599000
602,Semi-Furnished,East,1,,,3399000
603,Unfurnished,North,3,,,8000000
604,,,0,,,5000000
607,Semi-Furnished,North,0,,,1600000
608,Semi-Furnished,North,1,,,7500000
610,Unfurnished,West,1,,,2500000
611,Unfurnished,,,,,1800000
612,Semi-Furnished,North-West,1,,,16500000
615,Semi-Furnished,South-West,2,,,8500000
616,Semi-Furnished,East,,,,2900000
618,Furnished,West,0,,,3250000
619,Semi-Furnished,East,1,,,3599000
622,Semi-Furnished,East,1,,,2800000
623,Semi-Furnished,East,0,,,2350000
624,Unfurnished,East,1,,,12000000
625,Semi-Furnished,North-East,2,,,4600000
626,Semi-Furnished,North-East,1,,,7283250
627,Semi-Furnished,East,1,,,4800000
630,Semi-Furnished,East,1,,,1999998
631,Furnished,East,1,,,2700000
633,Furnished,South,0,,,2000000
634,Furnished,North,1,,,8000000
635,Furnished,North-East,1,,,9500000
637,Semi-Furnished,West,0,,,3700000
638,Unfurnished,East,1,,,4700000
639,Semi-Furnished,East,0,,,5000000
641,Unfurnished,East,1,,,3500000
642,Furnished,North-East,0,,,1100000
643,Semi-Furnished,South-West,1,,,3200000
644,Furnished,East,1,,,4900000
645,Unfurnished,East,0,,,2400000
646,Furnished,East,1,,,1299999
648,Furnished,East,2,,,100000
649,Furnished,,,,,2650000
650,Furnished,,,,,4500000
651,Semi-Furnished,North-West,1,,,2550000
652,Semi-Furnished,East,2,,,18500000
653,Semi-Furnished,West,1,,,12500000
656,Furnished,East,0,,,1400000
657,Semi-Furnished,North-East,1,,,6950000
658,Semi-Furnished,North-East,1,,,11500000
659,Unfurnished,,0,,,20000
661,Semi-Furnished,South-West,1,,,3600000
236,Semi-Furnished,East,1,,,5500000
663,Furnished,East,1,,,3100000
664,Furnished,,1,,,14500000
665,Unfurnished,South-West,,,,6200000
666,Furnished,North,1,,,16000000
667,Semi-Furnished,West,2,,,16000000
669,Furnished,West,1,,,4250000
670,Furnished,South,0,,,4500000
671,,South-West,2,,,16000000
672,Furnished,North-East,2,,,4000000
673,Unfurnished,West,1,,,6600000
675,Furnished,East,1,,,4100000
676,Semi-Furnished,North-East,1,,,5699999
677,Furnished,North-East,0,,,2900000
678,Semi-Furnished,North-East,1,,,9400000
679,Semi-Furnished,East,1,,,16000000
681,Furnished,North,1,,,6000000
682,Furnished,West,2,,,70000000
683,Semi-Furnished,North-East,3+,,,12000
684,Unfurnished,East,0,,,2800000
685,Unfurnished,West,0,,,2050000
686,Unfurnished,West,0,,,32000000
688,Furnished,North-East,1,,,7200000
689,Semi-Furnished,South,0,,,3400000
690,Furnished,North,1,,,5500000
691,Furnished,,0,,,2780000
692,Furnished,East,0,,,2500000
693,Semi-Furnished,North-East,2,,,4200000
695,Semi-Furnished,East,0,,,9900000
696,Semi-Furnished,North-East,1,,,13500000
698,Semi-Furnished,West,1,,,6200000
699,Semi-Furnished,North-East,1,,,2800000
700,Semi-Furnished,West,0,,,1200000
702,Semi-Furnished,East,2,,,7999999
703,Furnished,West,2,,,15500000
704,Furnished,East,1,,,5000000
705,Unfurnished,West,,,,2500000
706,Semi-Furnished,North-East,1,,,3800000
707,Semi-Furnished,West,1,,,2675000
710,Semi-Furnished,North-West,1,,,6100000
712,Semi-Furnished,North,0,,,3000000
714,Semi-Furnished,East,0,,,3500000
715,Furnished,South-East,0,,,20000000
716,Semi-Furnished,West,2,,,4500000
717,Furnished,West,1,,,4200000
718,Furnished,South-East,3+,,,21000000
721,Semi-Furnished,North-East,0,,,2900000
722,Semi-Furnished,North-East,0,,,3000000
723,Semi-Furnished,North,1,,,5000000
724,Semi-Furnished,,1,,,9000000
725,Furnished,South,1,,,14500000
727,Semi-Furnished,North-East,1,,,6500000
729,Furnished,East,1,,,27500000
730,Unfurnished,North-East,1,,,2000000
732,Furnished,East,1,,,4000000
733,Semi-Furnished,West,1,,,5100000
734,Unfurnished,East,2,,,21000000
736,Semi-Furnished,,,,,4400000
737,Semi-Furnished,West,1,,,5200000
738,Semi-Furnished,East,1,,,1850000
739,Semi-Furnished,East,1,,,26000
740,Semi-Furnished,East,1,,,3700000
741,Semi-Furnished,West,1,,,5000000
742,Semi-Furnished,South-West,1,,,8500000
743,Furnished,East,0,,,5000000
744,Furnished,South-East,3,,,60100000
745,Semi-Furnished,East,0,,,4000000
748,Semi-Furnished,East,2,,,5200000
749,Furnished,East,3+,,,5000000
750,Unfurnished,West,,,,3400000
751,Semi-Furnished,East,1,,,7800000
752,Furnished,North-East,2,,,5500000
753,Furnished,West,1,,,5500000
754,Unfurnished,East,1,,,3400000
755,Semi-Furnished,West,2,,,3900000
756,Semi-Furnished,North,0,,,1800000
758,Unfurnished,,1,,,10000
759,Semi-Furnished,North-West,0,,,2500000
760,Semi-Furnished,South-West,0,,,3600000
761,Semi-Furnished,North,2,,,30000000
762,Unfurnished,East,0,,,3000000
763,Furnished,West,2,,,25000000
764,Furnished,East,2,,,3500000
765,Furnished,,,,,6800000
766,Semi-Furnished,East,1,,,2000000
767,Semi-Furnished,North-East,1,,,2200000
768,Semi-Furnished,North-East,1,,,7000000
769,Semi-Furnished,North-East,1,,,9500000
770,Semi-Furnished,,2,,,45000000
771,Unfurnished,North-East,2,,,6800000
772,Semi-Furnished,North-East,1,,,4199999
774,Furnished,North,1,,,3200000
775,Furnished,West,2,,,16500000
776,Semi-Furnished,East,,,,2300000
777,Furnished,North,1,,,2850000
778,Semi-Furnished,,0,,,2800000
780,Unfurnished,North,0,,,700000
783,Semi-Furnished,East,1,,,4299000
784,Unfurnished,East,1,,,2300000
785,Furnished,North-West,0,,,3800000
786,Unfurnished,East,,,,8000000
787,Unfurnished,West,1,,,8000000
788,Furnished,,1,,,4000000
789,Furnished,North,1,,,37500
792,Unfurnished,East,3,,,4500000
793,Semi-Furnished,East,1,,,5300000
794,Furnished,West,1,,,3200000
796,Furnished,South-East,1,,,6500000
797,Unfurnished,East,1,,,4800000
798,Unfurnished,East,1,,,4050000
799,Furnished,,,,,1500000
800,,North,0,,,3500000
801,Furnished,South-West,2,,,7500000
803,Unfurnished,East,1,,,2972000
806,Semi-Furnished,East,1,,,2599000
808,Furnished,North-West,1,,,5000000
809,Unfurnished,East,0,,,2500000
810,Semi-Furnished,South-East,0,,,3600000
811,Furnished,East,1,,,9200000
813,Unfurnished,North,1,,,3800000
814,Furnished,North,1,,,11500000
816,Unfurnished,South,1,,,5500000
817,Furnished,East,1,,,15000000
818,Furnished,West,0,,,3700000
820,Unfurnished,North,,,,4200000
821,Semi-Furnished,East,2,,,3900000
822,Furnished,South-West,2,,,6200000
823,Furnished,East,1,,,10000
825,Semi-Furnished,South-East,,,,4500000
826,Semi-Furnished,North,1,,,6200000
827,Unfurnished,East,1,,,2500000
828,Semi-Furnished,South-East,1,,,2500000
829,Semi-Furnished,West,2,,,7000000
830,Semi-Furnished,West,2,,,6000000
831,Semi-Furnished,West,1,,,6100000
832,Semi-Furnished,West,1,,,4800000
833,Furnished,South,1,,,15000000
834,Semi-Furnished,East,0,,,8600000
835,Unfurnished,,1,,,4000000
836,Semi-Furnished,North-West,1,,,7500000
838,Semi-Furnished,South,1,,,4500000
839,Unfurnished,North-West,1,,,2250000
840,Semi-Furnished,South-West,2,,,18500000
841,Semi-Furnished,East,0,,,2700000
842,Unfurnished,North-East,2,,,8000000
843,Furnished,East,,,,9000000
844,Unfurnished,West,1,,,3800000
845,Semi-Furnished,East,2,,,5000000
847,Semi-Furnished,North-West,,,,11500000
848,Semi-Furnished,East,0,,,3999000
849,Furnished,South-East,2,,,23500000
851,Furnished,West,1,,,3000000
852,Semi-Furnished,East,1,,,6500000
855,Furnished,West,0,,,2750000
856,Furnished,North,0,,,8600000
857,Furnished,South-East,1,,,5000000
859,Unfurnished,East,1,,,111111
860,Unfurnished,East,1,,,5500000
863,Furnished,North-East,0,,,3050000
864,Semi-Furnished,North-East,1,,,6951000
865,Semi-Furnished,West,,,,7500000
866,Furnished,South-East,1,,,5800000
867,Furnished,West,,,,7500000
868,Furnished,,1,,,3950000
869,Unfurnished,North-East,0,,,8500000
870,Unfurnished,North,2,,,9000000
871,Semi-Furnished,South,1,,,4100000
872,Semi-Furnished,North-West,1,,,5849999
873,Semi-Furnished,East,2,,,5699999
874,Furnished,West,2,,,6500000
875,Furnished,East,0,,,6000000
876,Semi-Furnished,East,1,,,5400000
877,Unfurnished,East,1,,,3200000
878,Semi-Furnished,North,1,,,4500000
879,Unfurnished,South,0,,,6000000
880,Furnished,West,2,,,4000000
881,Furnished,,1,,,2700000
882,Unfurnished,West,1,,,3000000
883,Furnished,North-West,1,,,9900000
884,Semi-Furnished,South,1,,,3510000
886,Semi-Furnished,South,0,,,7000000
890,Semi-Furnished,North-West,0,,,12500
891,Semi-Furnished,North,2,,,14000000
892,Semi-Furnished,East,2,,,4000000
893,Furnished,North,1,,,2550000
894,Furnished,South-East,0,,,6500000
895,Semi-Furnished,East,1,,,6600000
896,Unfurnished,,1,,,4200000
897,Semi-Furnished,South,1,,,7600000
898,Unfurnished,East,0,,,1200000
899,Semi-Furnished,East,1,,,3100000
900,Unfurnished,South-West,3,,,18000000
901,Semi-Furnished,East,2,,,9600000
902,Furnished,South,1,,,8500000
903,Unfurnished,,,,,3800000
904,Furnished,West,1,,,10000
905,Furnished,West,1,,,4600000
906,Furnished,East,2,,,22500000
907,Semi-Furnished,North-West,2,,,4100100
908,Unfurnished,North-East,3+,,,22500000
909,Semi-Furnished,South-East,1,,,5500000
911,Semi-Furnished,North-East,2,,,11400000
912,Semi-Furnished,North,0,,,2000000
913,Furnished,West,0,,,5000000
915,Furnished,South,1,,,5000000
917,Semi-Furnished,,,,,24000000
919,Unfurnished,East,1,,,2999999
920,Unfurnished,West,0,,,7500000
921,Semi-Furnished,East,1,,,7200000
924,Furnished,East,1,,,6200000
925,Semi-Furnished,East,1,,,5100000
928,Furnished,West,1,,,2970000
929,Furnished,West,1,,,3370000
930,Furnished,North-West,3+,,,13000000
931,Unfurnished,East,0,,,2450000
932,Furnished,North,,,,9821000
933,Unfurnished,East,0,,,1300000
934,Furnished,North,,,,9811000
935,Furnished,North,,,,9841000
936,Unfurnished,West,3+,,,18500000
938,Semi-Furnished,East,1,,,2600000
940,Semi-Furnished,West,1,,,9000000
941,Semi-Furnished,North-East,0,,,6200000
942,Semi-Furnished,East,2,,,9000000
943,Semi-Furnished,South,1,,,3499999
945,Furnished,West,1,,,10000001
946,Semi-Furnished,North,1,,,2000000
951,Semi-Furnished,East,1,,,4699999
952,Unfurnished,North-East,1,,,2750000
953,Semi-Furnished,East,1,,,4599999
955,Furnished,West,1,,,10000000
957,Semi-Furnished,North,2,,,13500000
959,Semi-Furnished,North-East,2,,,9490000
960,Furnished,West,2,,,9800000
961,Semi-Furnished,East,1,,,4295000
962,Semi-Furnished,South,2,,,25000000
963,Semi-Furnished,North,2,,,9690000
964,Furnished,East,1,,,5990000
966,Unfurnished,East,1,,,10000
967,Unfurnished,East,,,,1550000
968,Furnished,East,2,,,19900000
970,Furnished,South,1,,,7290000
971,Semi-Furnished,East,1,,,3500000
972,Furnished,East,1,,,7390000
979,Unfurnished,,3+,,,10500000
980,Furnished,West,1,,,3355000
981,Semi-Furnished,,1,,,5990000
989,Semi-Furnished,North,1,,,3899999
990,Unfurnished,North-East,1,,,3490000
993,Furnished,South-West,1,,,1650000
994,Furnished,South-West,1,,,2500000
995,Furnished,North-East,1,,,3800000
996,Furnished,,3+,,,35000000
997,Furnished,North,,,,9866000
999,Semi-Furnished,West,1,,,3200000
1001,Unfurnished,North-East,1,,,6500000
1003,Semi-Furnished,,,,,25500000
1005,Furnished,West,1,,,2670000
1006,Furnished,North-East,1,,,4165000
1007,Furnished,West,1,,,2665000
1008,Furnished,West,1,,,4170000
1010,Unfurnished,South,1,,,1500000
1012,Furnished,North-East,2,,,6491100
1013,Unfurnished,North-East,2,,,6000000
1014,Semi-Furnished,,,,,10000
1016,Furnished,North,0,,,1350000
1018,Semi-Furnished,West,1,,,3200001
1019,Semi-Furnished,South,1,,,5750000
1020,Furnished,North,3+,,,15000000
1021,Unfurnished,East,,,,3000000
1022,Semi-Furnished,South-East,1,,,1100000
1023,Furnished,North-East,1,,,4157000
1024,Semi-Furnished,North-East,1,,,9890022
1025,Semi-Furnished,North-East,1,,,8000000
1026,Furnished,South-East,1,,,7770000
1027,Semi-Furnished,East,1,,,3750000
1028,Unfurnished,,1,,,7000000
1029,Furnished,East,3+,,,15000000
1030,Semi-Furnished,East,2,,,15500000
13,Semi-Furnished,,1,,,2000000
1032,Semi-Furnished,,0,,,3050000
1033,Semi-Furnished,West,0,,,2875000
1034,Semi-Furnished,West,1,,,4450000
1035,Semi-Furnished,West,1,,,3050000
1036,Furnished,North,1,,,8550000
1037,Furnished,West,1,,,3177000
1038,Furnished,West,1,,,3357000
1039,Unfurnished,West,0,,,3000000
1041,Semi-Furnished,East,2,,,6800022
1042,Semi-Furnished,West,1,,,4000004
1044,Furnished,West,1,,,6800000
1045,Semi-Furnished,North-East,1,,,6800011
1047,Furnished,South,1,,,4450000
1048,Furnished,North-West,1,,,3170000
1050,Semi-Furnished,East,2,,,14000000
1051,Semi-Furnished,East,2,,,8300000
1052,Semi-Furnished,,,,,6280000
1053,Semi-Furnished,,2,,,25500000
1054,Furnished,,,,,9845500
1055,Semi-Furnished,North,3+,,,9500000
1056,Unfurnished,,,,,15000000
1057,Furnished,East,1,,,2200000
1058,Semi-Furnished,North,3,,,22500000
1060,Unfurnished,West,1,,,4600000
1061,Semi-Furnished,North,,,,36000000
1062,Furnished,East,2,,,26500000
1063,Semi-Furnished,West,2,,,18500000
1064,Semi-Furnished,South,2,,,18500000
1065,Semi-Furnished,North,1,,,9500000
1066,Semi-Furnished,West,1,,,6500000
1067,Furnished,,1,,,6490000
1068,Furnished,West,1,,,6950000
1069,Furnished,North,,,,9845000
1070,Semi-Furnished,East,1,,,9600000
1071,Furnished,East,1,,,9890000
1072,Semi-Furnished,North,2,,,6000000
1073,Semi-Furnished,North-West,2,,,3800000
1076,Semi-Furnished,North,2,,,29000000
1077,Semi-Furnished,North,1,,,9000000
1078,Semi-Furnished,South,1,,,8100000
1079,Semi-Furnished,West,2,,,12500000
1080,Semi-Furnished,North,2,,,11500000
1081,Semi-Furnished,South,2,,,14000000
1082,Semi-Furnished,North,2,,,12000000
1084,Furnished,East,1,,,13100000
1085,Furnished,North,2,,,7500000
1086,Semi-Furnished,,,,,6251000
1088,Furnished,,2,,,9500000
1090,Semi-Furnished,East,1,,,3675000
1091,Semi-Furnished,North,1,,,3400000
1092,Semi-Furnished,East,1,,,3400000
1094,Semi-Furnished,North,3,,,36000000
1095,Semi-Furnished,East,0,,,2450000
1096,Semi-Furnished,East,0,,,2200000
1097,Furnished,East,2,,,9890000
1099,Semi-Furnished,,1,,,4890000
1101,Semi-Furnished,North-East,2,,,3330000
1102,Furnished,North-East,2,,,6000000
1103,Semi-Furnished,West,,,,1675000
1104,Semi-Furnished,South,2,,,4500000
1105,Unfurnished,North,2,,,2700000
1107,Semi-Furnished,East,1,,,1999999
1108,Furnished,West,1,,,11100000
1109,Furnished,North,2,,,35100000
1110,Semi-Furnished,East,1,,,3000000
1113,Furnished,East,1,,,5290000
1114,Semi-Furnished,East,1,,,6890000
1115,Semi-Furnished,East,2,,,7390000
1116,Furnished,East,1,,,9889000
1117,Furnished,East,3+,,,3000000
1118,Semi-Furnished,North-East,,,,1200000
1119,Semi-Furnished,West,2,,,11500000
1121,Semi-Furnished,West,2,,,8890000
1123,Semi-Furnished,East,1,,,22000000
1124,Semi-Furnished,South,1,,,2400000
1125,Furnished,North-East,1,,,12500000
1127,Furnished,North-East,1,,,5800000
1128,Furnished,,,,,2800000
1129,Semi-Furnished,West,2,,,25100000
1130,Furnished,West,0,,,1500000
1131,Furnished,,,,,2750000
1133,Unfurnished,,1,,,6500000
1134,,North,1,,,3999999
1135,Semi-Furnished,East,1,,,3200001
1136,Furnished,South,0,,,2600000
1138,Furnished,East,3+,,,11000000
1139,Semi-Furnished,North,2,,,5690000
1140,Furnished,North,0,,,5000000
1141,Furnished,North,0,,,3000000
1142,Semi-Furnished,East,2,,,8420000
1144,Semi-Furnished,East,1,,,6100000
1145,Unfurnished,East,2,,,1600000
1146,Furnished,North-East,2,,,11000000
1148,Semi-Furnished,East,,,,6000000
1149,Furnished,South-East,0,,,3000000
1152,Semi-Furnished,East,1,,,2700000
1153,Furnished,South,1,,,1600000
1154,Furnished,,,,,3000000
1156,Furnished,West,0,,,1300000
1157,Furnished,East,3,,,26000000
1158,Furnished,East,3+,,,26000000
1160,Furnished,,,,,9819000
1161,Semi-Furnished,North,1,,,9800000
1162,,North-East,2,,,23500000
1163,Furnished,North,1,,,3999999
1164,Semi-Furnished,East,,,,5200000
1165,Semi-Furnished,West,2,,,15000000
1166,Unfurnished,South-East,1,,,3690000
1168,Unfurnished,North,0,,,3550000
1170,Furnished,,1,,,6700000
1171,Furnished,North-West,2,,,3590700
1173,Semi-Furnished,,1,,,6498500
1174,Semi-Furnished,North-East,,,,15000000
1176,Semi-Furnished,East,1,,,1700000
1177,Semi-Furnished,West,1,,,9900000
1178,Semi-Furnished,South,1,,,1700000
1181,Semi-Furnished,North,3,,,8500000
1182,Furnished,West,1,,,4700000
1183,Furnished,West,1,,,3377000
1184,Furnished,West,1,,,4151500
1186,Furnished,,0,,,1450000
1187,Unfurnished,,,,,5200000
1189,Semi-Furnished,,1,,,6499000
1190,,,,,,3600000
1191,Semi-Furnished,North-West,2,,,7690000
1192,Furnished,North,3,,,55100000
1193,Furnished,East,1,,,12900000
1194,Furnished,West,,,,18500000
1195,Semi-Furnished,North-East,0,,,1800000
1197,Furnished,West,1,,,3170000
1198,Semi-Furnished,South-East,1,,,2870000
1199,Furnished,West,1,,,2657000
1201,Furnished,West,1,,,2960000
1202,Unfurnished,South-West,1,,,3600000
1204,Unfurnished,North,1,,,3500000
1205,,West,1,,,3200001
1206,Semi-Furnished,North-West,1,,,2250000
1207,Furnished,,2,,,2200000
1208,Furnished,North-West,1,,,3150000
1210,Semi-Furnished,South-West,2,,,1600000
1212,Semi-Furnished,North,1,,,2675000
1213,Semi-Furnished,North,1,,,2975000
1214,Unfurnished,North-East,0,,,2100000
1215,Semi-Furnished,West,0,,,2250000
1216,Furnished,East,2,,,1600000
1217,Semi-Furnished,East,3,,,35000000
1218,Semi-Furnished,East,1,,,3050000
1219,Semi-Furnished,East,2,,,14500000
1220,Semi-Furnished,East,3,,,25000000
1221,Semi-Furnished,North-East,2,,,16000000
1222,Semi-Furnished,North-East,1,,,3490000
1223,Semi-Furnished,South-East,1,,,3790000
1224,Semi-Furnished,South-East,1,,,4990000
1225,Semi-Furnished,North-East,1,,,5990000
1226,Unfurnished,,,,,6500000
1227,Semi-Furnished,East,1,,,4300000
1229,Semi-Furnished,South,1,,,8500000
1230,Semi-Furnished,North-East,1,,,7390000
1231,Furnished,North-East,1,,,12500
1232,Semi-Furnished,East,1,,,5290001
1233,Semi-Furnished,South,2,,,4350000
1234,Furnished,,,,,49000000
1235,Semi-Furnished,East,1,,,4590011
1236,Semi-Furnished,North-East,1,,,7590015
1237,Semi-Furnished,North,1,,,2500000
1238,Semi-Furnished,East,1,,,3199999
1239,Furnished,East,1,,,3500000
1240,Semi-Furnished,North-East,1,,,9890011
1241,Semi-Furnished,North,1,,,4000001
1243,Semi-Furnished,East,3,,,30000000
1245,Furnished,West,1,,,6970000
1246,Unfurnished,West,0,,,1750000
1247,Furnished,South,0,,,1300000
1248,Semi-Furnished,East,3+,,,6990000
1249,Semi-Furnished,South,2,,,9500000
1250,Semi-Furnished,East,1,,,6590000
1252,Semi-Furnished,South,1,,,2350000
1253,Furnished,,2,,,11500000
1254,Furnished,East,0,,,1600000
1255,Semi-Furnished,South-West,2,,,16500000
1257,Semi-Furnished,North-West,2,,,12000000
1259,Semi-Furnished,South,2,,,16000000
1261,Semi-Furnished,West,2,,,18900000
1262,Semi-Furnished,East,2,,,12000000
1263,Semi-Furnished,North-East,3+,,,30000000
1264,Furnished,,,,,9600000
1265,Semi-Furnished,North-East,2,,,11450000
1266,Semi-Furnished,North,1,,,4599000
1267,Unfurnished,East,2,,,4000000
1269,Unfurnished,West,1,,,6500000
1270,Unfurnished,North-East,0,,,5700000
1271,Unfurnished,East,0,,,800000
1272,Semi-Furnished,,2,,,16200000
1274,Semi-Furnished,North-East,2,,,5299999
1275,Unfurnished,North,0,,,2200000
1276,Furnished,North-West,2,,,6250000
1277,Furnished,East,0,,,3700000
1278,Semi-Furnished,,1,,,1200000
1279,Semi-Furnished,,,,,6155000
1280,Unfurnished,North,0,,,2700000
1281,Semi-Furnished,,,,,3200000
1282,Unfurnished,North,0,,,950000
1283,Unfurnished,North-East,3,,,4500000
1284,Unfurnished,North-East,,,,10000000
1285,Unfurnished,,1,,,4500000
1286,Furnished,North-East,3,,,8590000
1287,Semi-Furnished,East,0,,,1350000
1290,Furnished,East,1,,,12000000
1291,Furnished,East,1,,,11200000
1292,Furnished,East,2,,,9690000
1293,Furnished,,,,,4000000
1294,Semi-Furnished,East,1,,,2395000
1295,Furnished,,1,,,4500000
1296,Furnished,West,1,,,4300000
1297,Furnished,North-West,2,,,5000000
1298,Semi-Furnished,North-East,1,,,2700000
1299,Furnished,North,3,,,3750000
1300,Unfurnished,East,1,,,2150000
1303,Semi-Furnished,,,,,6290000
1304,Semi-Furnished,East,1,,,5290005
1306,Furnished,,,,,3500000
1307,Furnished,,1,,,4700000
1309,Semi-Furnished,,,,,33000000
1310,Semi-Furnished,West,1,,,3200002
1311,Furnished,East,1,,,4890000
1313,Semi-Furnished,West,1,,,3800001
1314,Furnished,West,1,,,12000
1315,Furnished,East,2,,,9990000
1316,Semi-Furnished,,,,,15500000
1317,Semi-Furnished,,1,,,7490000
1318,Semi-Furnished,,1,,,4200000
44,Semi-Furnished,,,,,26500000
1320,Furnished,North-East,,,,6000000
1323,Furnished,North,0,,,2900000
1324,Semi-Furnished,North-East,2,,,5890000
1325,Semi-Furnished,East,1,,,5290022
1329,Furnished,East,2,,,7390000
1331,Furnished,East,1,,,5890000
1332,Semi-Furnished,,,,,6211000
1333,Semi-Furnished,North,1,,,1999999
1335,Semi-Furnished,West,0,,,1800000
1336,Furnished,,,,,9901000
1337,Furnished,West,1,,,9999999
1339,Furnished,West,,,,5000000
1340,Semi-Furnished,,2,,,2500000
1341,Semi-Furnished,East,1,,,7590001
1342,Unfurnished,North,1,,,2399000
1343,Furnished,East,2,,,6490000
1344,Semi-Furnished,North-East,1,,,3200000
1345,Semi-Furnished,South,1,,,7490000
1346,Semi-Furnished,North,2,,,9500000
1347,Semi-Furnished,South-East,2,,,9200000
1348,Semi-Furnished,,,,,6185000
1349,Furnished,North,,,,9877000
1350,Unfurnished,South-West,3+,,,8000000
1351,Furnished,West,1,,,2965000
1355,Semi-Furnished,North,1,,,3999999
1356,Semi-Furnished,North,0,,,4600000
1357,Furnished,North-East,2,,,16000000
1358,Semi-Furnished,South-East,2,,,11000000
1359,Semi-Furnished,North-East,1,,,2000000
1360,Unfurnished,North,1,,,7500000
1361,Furnished,North,3+,,,26000000
1362,Furnished,East,2,,,6890000
1363,Semi-Furnished,East,1,,,5190000
1364,Semi-Furnished,West,1,,,10000000
1365,Furnished,East,1,,,6800000
1366,Furnished,East,1,,,1750000
1367,Unfurnished,North,1,,,17900000
1370,Unfurnished,South-East,1,,,1780000
1371,Furnished,East,0,,,2649000
1372,Semi-Furnished,South-East,0,,,2100000
1373,Furnished,,0,,,3000000
1374,Furnished,,3+,,,4500000
1379,Furnished,East,1,,,850000
1380,Furnished,East,0,,,3000000
1381,Unfurnished,,,,,6000000
1382,Semi-Furnished,North,1,,,4150000
1383,Semi-Furnished,South-East,1,,,2250000
1384,Semi-Furnished,South-East,,,,11000000
1385,Unfurnished,,3+,,,8500000
1386,Semi-Furnished,,2,,,8200000
1388,Semi-Furnished,East,1,,,5800000
1390,Semi-Furnished,South,,,,5800000
1391,Semi-Furnished,West,1,,,27000000
1392,Furnished,North,2,,,6900000
1393,Unfurnished,South,1,,,7500000
1394,Semi-Furnished,North,0,,,5600000
1395,Unfurnished,South,1,,,6000000
1396,Unfurnished,,2,,,14000000
1397,Semi-Furnished,South-East,1,,,35000000
1398,Furnished,East,,,,1600000
1399,Furnished,East,1,,,8000000
1400,Unfurnished,East,0,,,2050000
1401,Furnished,East,1,,,1000000
1403,Unfurnished,,,,,30000000
1405,Furnished,,1,,,6200000
1406,Unfurnished,,,,,8000000
1409,Unfurnished,East,0,,,3200000
1410,Semi-Furnished,North-West,1,,,8700000
1411,Unfurnished,West,0,,,550000
1412,Furnished,North-East,0,,,13500
1413,Furnished,East,1,,,1600000
1414,Furnished,North,2,,,12000000
1415,Semi-Furnished,South,0,,,1799999
1416,Semi-Furnished,North-East,1,,,18000000
1417,Unfurnished,East,0,,,2700000
1418,Unfurnished,North-East,3+,,,12000000
1419,Semi-Furnished,South-East,,,,7500000
1420,Semi-Furnished,East,0,,,2100000
1422,Furnished,North-East,0,,,3700000
1424,Unfurnished,East,1,,,3665000
1425,Furnished,,1,,,13000000
1427,Unfurnished,West,1,,,4000000
1428,Furnished,East,1,,,4800000
1429,Semi-Furnished,,1,,,5300000
1430,Semi-Furnished,East,1,,,35000
1431,Unfurnished,East,0,,,1700000
1434,Furnished,South-East,0,,,4000000
1435,Semi-Furnished,South,2,,,9900000
1437,Semi-Furnished,North,1,,,2800000
1438,Unfurnished,North,2,,,15700000
1439,Furnished,East,1,,,3000000
1440,Furnished,West,0,,,3500000
1441,Furnished,North,1,,,1700000
1442,Unfurnished,South-East,2,,,4200000
1443,Unfurnished,West,2,,,24000000
1444,Semi-Furnished,North,2,,,6990000
1445,Unfurnished,East,3+,,,50000000
1446,Unfurnished,,0,,,4800000
1448,Semi-Furnished,South,0,,,2000000
1449,Semi-Furnished,North-West,0,,,1500000
1450,Furnished,North,1,,,4700000
1451,Furnished,North,1,,,7900000
1453,Semi-Furnished,West,2,,,32500000
1454,Semi-Furnished,South-West,1,,,5300000
1455,Unfurnished,East,,,,5500000
1456,Furnished,South,2,,,12000000
1457,Unfurnished,,1,,,7790000
1458,Unfurnished,East,1,,,18000000
1459,Unfurnished,East,2,,,15000000
1461,Unfurnished,East,1,,,1850000
1462,Furnished,North,,,,1600000
1463,Semi-Furnished,East,,,,3300000
1464,Semi-Furnished,East,1,,,9500000
1465,Furnished,East,2,,,14000000
1466,Furnished,East,0,,,2000000
1467,Semi-Furnished,North-West,2,,,15000000
1468,Semi-Furnished,East,0,,,1200000
1469,Unfurnished,North,1,,,15000000
1470,Unfurnished,,,,,2600000
1471,Semi-Furnished,,,,,2000000
1472,Furnished,North-West,2,,,1150000
1473,Unfurnished,North,,,,2000000
1474,Furnished,North,0,,,2300000
1475,Furnished,East,,,,4900000
1476,Semi-Furnished,North-East,0,,,2600000
1477,Furnished,North,0,,,3500000
1479,Unfurnished,,0,,,3200000
1481,Furnished,North-East,0,,,16900
1482,Furnished,West,3,,,4825000
1483,Furnished,East,1,,,37500000
1484,Semi-Furnished,North,0,,,2400000
1485,Unfurnished,North-East,3+,,,7500000
1486,Unfurnished,,1,,,11000
1487,Furnished,,0,,,3800000
1488,Unfurnished,West,0,,,5500000
1489,Unfurnished,North-West,0,,,10000
1490,Semi-Furnished,North,,,,7000000
1491,Unfurnished,South-West,2,,,3600000
1492,Unfurnished,North,0,,,2150000
1493,Unfurnished,North-East,1,,,1700000
1494,Furnished,West,0,,,1700000
1495,Unfurnished,North-East,3+,,,18000000
1496,Semi-Furnished,East,1,,,5600000
1498,,North,3+,,,18000000
1499,Unfurnished,North,3+,,,18000000
1500,Unfurnished,East,1,,,2370000
1501,Unfurnished,East,1,,,8500000
1504,Unfurnished,North,2,,,1550000
1505,Semi-Furnished,North,1,,,1200000
1506,Semi-Furnished,East,0,,,3000000
1507,Unfurnished,South,2,,,4500000
1508,Semi-Furnished,South,1,,,5300000
1510,Furnished,North,1,,,4000000
1511,Furnished,North,0,,,800000
1512,Unfurnished,North,0,,,800000
1513,Semi-Furnished,West,0,,,6000000
1514,Furnished,North-East,0,,,44000000
1515,Semi-Furnished,East,3+,,,4500000
1516,Semi-Furnished,East,1,,,5200000
1517,Unfurnished,North-East,2,,,11500000
1519,Furnished,North-West,1,,,7500000
1520,Semi-Furnished,North,1,,,2600000
1522,Unfurnished,North,2,,,4000000
1523,Semi-Furnished,,1,,,3500000
1524,Semi-Furnished,West,1,,,4100000
1526,Semi-Furnished,North-East,2,,,8450000
1527,Unfurnished,,,,,4500000
1529,Semi-Furnished,East,0,,,3850000
1531,Unfurnished,North-East,0,,,900000
1532,Unfurnished,,1,,,11000000
1533,Furnished,North-East,1,,,5500000
1535,Unfurnished,,0,,,1250000
1536,Furnished,North-East,2,,,180000
1537,Unfurnished,,,,,7500000
1539,Semi-Furnished,North,,,,2600000
1540,Furnished,North-East,1,,,19500
1541,Furnished,South-East,1,,,1300000
1542,Semi-Furnished,West,1,,,1200000
1543,Semi-Furnished,West,1,,,700000
1546,Furnished,North-East,1,,,4350000
1547,Furnished,East,1,,,2300000
1548,Unfurnished,South,1,,,1350000
1549,Furnished,West,2,,,25000
1550,Unfurnished,,0,,,8000000
1551,Unfurnished,,2,,,9000000
1552,Furnished,North-West,1,,,6800000
1553,Semi-Furnished,,1,,,8500000
1554,Furnished,North-East,1,,,13700
1556,Unfurnished,North,1,,,5000000
1557,Furnished,North,1,,,10000
1558,Unfurnished,North-East,0,,,2370000
1560,Unfurnished,West,0,,,2500000
1561,Furnished,East,0,,,1650000
1562,Semi-Furnished,,0,,,8000000
1563,Semi-Furnished,North,,,,2000000
1565,Unfurnished,West,0,,,3130000
1566,,South,1,,,2700000
1567,Semi-Furnished,West,1,,,3500000
1568,Unfurnished,North,0,,,1500000
1570,Furnished,North,0,,,6500000
1571,Furnished,North,0,,,750000
1572,Semi-Furnished,East,1,,,11000000
1573,Unfurnished,West,1,,,7700000
1574,Unfurnished,East,0,,,2600000
1575,Unfurnished,East,1,,,3000000
1576,Unfurnished,North,3+,,,7500000
1577,Unfurnished,North-East,0,,,3200000
404,Furnished,East,1,,,9500000
1579,Semi-Furnished,East,1,,,255000
1580,Semi-Furnished,West,1,,,7500000
1581,Semi-Furnished,North-East,2,,,10000000
1582,Furnished,West,1,,,9000000
1584,Unfurnished,South-East,3+,,,9000000
1585,Unfurnished,East,3+,,,2650000
1587,Unfurnished,West,3,,,8500000
1589,Furnished,East,,,,2500000
1590,Semi-Furnished,East,3+,,,15000000
1591,Semi-Furnished,South-West,1,,,6000000
1592,Furnished,,0,,,2500000
1593,,,,,,3000000
1594,Semi-Furnished,East,1,,,4100000
1595,Semi-Furnished,South,,,,3500000
1596,Unfurnished,South,1,,,3200000
1597,Furnished,North-East,1,,,7500000
1598,Unfurnished,,,,,1299999
1599,Unfurnished,North,0,,,3600000
1601,Unfurnished,East,2,,,7000000
1603,Semi-Furnished,North,2,,,4850000
1606,Unfurnished,North-East,1,,,6200000
1607,Semi-Furnished,South,1,,,1600000
1608,Unfurnished,North-East,0,,,5100000
1609,Unfurnished,West,0,,,1499999
1610,Unfurnished,North-East,1,,,1500000
1611,Furnished,South-East,1,,,3900000
1612,Unfurnished,South-East,1,,,7200000
1613,Furnished,West,0,,,3000000
1614,Unfurnished,North,0,,,4990000
1615,Furnished,,,,,3800000
1616,Semi-Furnished,South,0,,,2850000
1617,Semi-Furnished,North-East,,,,8700000
1618,Furnished,North-East,0,,,6200000
1619,Unfurnished,South,1,,,10000
1620,Furnished,South,0,,,2200000
1622,Unfurnished,North-East,2,,,4000000
1623,Furnished,West,1,,,3300000
1625,Furnished,North,1,,,7500000
1628,Unfurnished,West,1,,,3500000
1629,Unfurnished,North-East,1,,,3600000
1630,Unfurnished,North,0,,,2500000
1631,Furnished,North,2,,,6000000
1632,Furnished,,1,,,5500000
1636,Unfurnished,,,,,3000000
1638,Unfurnished,West,1,,,6000000
1639,Unfurnished,,1,,,3000000
1641,Furnished,North-East,1,,,3700000
1642,Furnished,East,1,,,9750000
1644,Unfurnished,North-West,0,,,2300000
1646,Unfurnished,South,,,,4500000
1647,,East,,,,1100000
1648,Semi-Furnished,North-East,1,,,1350000
1649,Unfurnished,West,1,,,500000
1650,Unfurnished,North-East,0,,,6500000
1651,Furnished,,3+,,,11500000
1652,Semi-Furnished,South-East,1,,,8500000
1654,Semi-Furnished,,,,,7350000
1655,Semi-Furnished,,,,,2900000
1656,Unfurnished,West,1,,,2300000
1657,Furnished,East,1,,,1950000
1658,Semi-Furnished,East,3+,,,6000000
1659,Semi-Furnished,North,3+,,,20000000
1660,Semi-Furnished,North,1,,,15000000
1661,Semi-Furnished,North,1,,,3500000
1663,Semi-Furnished,West,3,,,32500000
1664,Unfurnished,North,1,,,1500000
847,Semi-Furnished,North-West,1,,,1500000
1667,Unfurnished,,0,,,2200000
1668,Semi-Furnished,North-East,2,,,2700000
1669,Semi-Furnished,West,1,,,5290000
1670,Semi-Furnished,North,0,,,4000000
1671,Furnished,East,1,,,1700000
1672,Semi-Furnished,West,0,,,1500000
1673,Semi-Furnished,North-East,0,,,2000000
1674,Semi-Furnished,South-East,1,,,1300000
1675,Furnished,North-West,,,,4200000
1676,Unfurnished,East,3,,,13000000
1677,Furnished,,0,,,2000000
1679,Semi-Furnished,East,0,,,2650000
1680,Furnished,West,0,,,6800000
1681,Unfurnished,East,1,,,3800000
1682,Semi-Furnished,North-East,,,,5800000
1684,Furnished,East,0,,,4600000
1685,Furnished,North,0,,,15000000
1686,Unfurnished,West,0,,,3500000
1687,Furnished,South,0,,,1000000
1688,Furnished,East,0,,,7000000
1689,Semi-Furnished,South,1,,,7200000
1690,Furnished,North-East,0,,,2700000
1691,Unfurnished,North,1,,,4500000
1692,Unfurnished,East,1,,,2700000
1693,Furnished,North,1,,,10000000
1694,Unfurnished,North,0,,,55000000
1695,Furnished,South,0,,,3800000
1696,Unfurnished,West,1,,,7000000
1697,Semi-Furnished,North-East,1,,,1800000
1698,Semi-Furnished,East,0,,,1799999
1699,Semi-Furnished,West,0,,,1300000
1701,Furnished,South,1,,,6300000
1702,Semi-Furnished,North-East,1,,,1700000
1703,Semi-Furnished,North-East,,,,1900000
1704,Semi-Furnished,North-East,1,,,5600000
1705,Semi-Furnished,North-East,1,,,9000000
1708,Furnished,,1,,,1800000
1709,Unfurnished,South-East,0,,,1700000
1712,Semi-Furnished,South-West,1,,,6500000
1713,Unfurnished,South,1,,,4900000
1714,Unfurnished,West,0,,,6000000
1715,Unfurnished,South,2,,,5500000
1716,Furnished,North,3,,,4000000
1717,Unfurnished,West,1,,,2000000
1719,Furnished,,0,,,1500000
1720,Semi-Furnished,North,0,,,7500000
1722,Semi-Furnished,North-West,0,,,5500000
1723,Semi-Furnished,North,3+,,,22500000
1724,Furnished,East,1,,,7100000
1725,Unfurnished,North,1,,,2300000
1726,Semi-Furnished,North-West,,,,2850000
1727,Unfurnished,West,1,,,4500000
1729,Unfurnished,East,3+,,,45000000
1730,Furnished,East,1,,,30000000
1731,Semi-Furnished,East,0,,,6800000
1732,Furnished,North,0,,,4000000
1733,Semi-Furnished,South,1,,,1500000
1734,Furnished,East,1,,,8500000
1735,Semi-Furnished,,,,,1450000
1736,Unfurnished,South,0,,,2600000
1737,Unfurnished,East,2,,,7800000
1738,,South-West,,,,14500000
1740,Furnished,North-West,0,,,4600000
1741,Unfurnished,,0,,,5800000
1742,Semi-Furnished,North-East,3+,,,17000000
1743,Furnished,West,1,,,4400000
1744,Unfurnished,North,0,,,1600000
1745,Furnished,South,1,,,6500000
1746,Furnished,South,0,,,1200000
1747,Unfurnished,North,1,,,17000000
1748,Furnished,West,2,,,12500000
1749,Unfurnished,West,2,,,6800000
1750,Semi-Furnished,West,2,,,25000000
1751,Unfurnished,East,1,,,7500000
1752,Furnished,West,3,,,11000000
1753,Furnished,North,2,,,9900000
1754,Semi-Furnished,East,1,,,5250000
1755,Unfurnished,,,,,5100000
1757,Semi-Furnished,East,1,,,6400000
1758,Furnished,,0,,,2600000
1759,Unfurnished,East,0,,,4860000
1761,Furnished,North,1,,,1050000
1762,Furnished,,2,,,1450000
1764,Unfurnished,South,1,,,900000
1765,Unfurnished,North,0,,,3100000
1766,Unfurnished,North-East,1,,,12000000
1767,Unfurnished,East,2,,,22500000
1769,Unfurnished,North,1,,,7200000
1770,Semi-Furnished,North,2,,,25000000
1772,Semi-Furnished,East,1,,,10000000
1773,Unfurnished,West,,,,3350000
1774,Unfurnished,North-West,1,,,3000000
1775,Furnished,North,1,,,1600000
1776,Furnished,,,,,9500000
1777,Semi-Furnished,,0,,,3500000
1778,Furnished,,1,,,22000000
1780,Semi-Furnished,,,,,5000000
1781,Unfurnished,North,1,,,5700000
1782,Furnished,North,1,,,2600000
1783,Semi-Furnished,East,1,,,17000000
1785,Unfurnished,,,,,7000000
1786,Furnished,South-East,0,,,7000000
1788,Unfurnished,North,1,,,13700000
1789,Unfurnished,South,1,,,7000000
1791,Semi-Furnished,North-West,1,,,4100000
1792,Furnished,East,1,,,4300000
1793,Unfurnished,North,,,,12500000
1795,Furnished,West,1,,,4000000
1796,Furnished,South,,,,7500000
1797,Semi-Furnished,South,0,,,3500000
1798,Furnished,North,2,,,3500000
1799,Unfurnished,South,0,,,4800001
1801,Semi-Furnished,South,0,,,3000000
1803,,,,,,27500000
1807,Furnished,East,3+,,,3800000
1808,Furnished,North-West,1,,,3500000
1809,Unfurnished,North-West,0,,,1400000
1810,Semi-Furnished,North,0,,,3600000
1811,Furnished,,0,,,3200000
1812,Unfurnished,South,0,,,1700000
1815,Semi-Furnished,,,,,1350000
1817,Unfurnished,,,,,2000000
1819,Furnished,,2,,,12000000
1821,Unfurnished,,,,,2200000
1822,Unfurnished,,,,,6700000
280,Semi-Furnished,,1,,,7500000
1824,Unfurnished,East,0,,,3800000
1825,Semi-Furnished,,,,,15000000
1827,,South,1,,,5000000
1828,Unfurnished,South-West,0,,,1900000
1829,Semi-Furnished,South-West,1,,,5600000
1830,Furnished,East,1,,,4500000
1831,Furnished,South,1,,,21000
1832,Unfurnished,West,0,,,1000000
1834,Unfurnished,,0,,,560000
1835,Unfurnished,,0,,,1000000
1836,Semi-Furnished,South,0,,,1500000
1837,Furnished,,1,,,9500000
1838,Semi-Furnished,,2,,,12000000
1840,Unfurnished,,0,,,4200000
1841,Furnished,North-East,0,,,3200000
1842,Furnished,North,2,,,4500000
1843,Semi-Furnished,East,1,,,9300000
1844,Furnished,,1,,,6500000
1845,Furnished,East,0,,,5500000
1847,Furnished,South-East,0,,,4100000
1848,Furnished,,2,,,7000000
1849,Semi-Furnished,East,1,,,14900000
1850,Unfurnished,South-West,0,,,2600000
1851,Semi-Furnished,West,1,,,4600000
1853,Semi-Furnished,North-East,2,,,11000000
1854,Semi-Furnished,North-West,1,,,8200000
1855,Furnished,North,0,,,2500000
1856,Furnished,South,2,,,13900000
1858,Semi-Furnished,South-East,1,,,13200000
1859,Unfurnished,West,1,,,3300000
1860,Furnished,West,2,,,13500000
1861,Semi-Furnished,West,3,,,3100000
1862,Furnished,North,1,,,17000000
1863,Furnished,South,0,,,3500000
1864,Furnished,East,3,,,5000000
1866,Semi-Furnished,North-West,,,,20000000
1868,,North-East,1,,,3500000
1869,Semi-Furnished,West,1,,,900000
1871,Semi-Furnished,,,,,7800000
1872,Furnished,North-East,0,,,2600000
1873,Furnished,North,0,,,2350000
1874,Furnished,West,1,,,6000000
1875,Furnished,West,,,,11100000
1876,Unfurnished,East,0,,,2051000
1877,Unfurnished,East,1,,,4351000
1878,Unfurnished,East,1,,,4651000
1879,Unfurnished,East,1,,,3451000
1881,Unfurnished,East,1,,,3151000
1882,Unfurnished,East,1,,,2600000
1883,Unfurnished,East,1,,,3351000
1316,Semi-Furnished,,1,,,5500000
1885,Furnished,,,,,4551000
1887,Semi-Furnished,East,0,,,4011111
1890,Furnished,South,1,,,9000000
1891,Semi-Furnished,East,0,,,1400000
1892,Unfurnished,West,3+,,,5200000
1893,,,3,,,11000000
1894,Semi-Furnished,West,1,,,1000000
1902,Unfurnished,North,1,,,2000000
1903,Furnished,West,3,,,11500000
1904,Unfurnished,East,0,,,1951000
1905,Semi-Furnished,West,,,,3500000
1906,Unfurnished,North-West,1,,,1150000
1907,Unfurnished,East,1,,,10000000
1909,Unfurnished,East,1,,,9000000
1910,Semi-Furnished,West,0,,,1850000
1912,Unfurnished,East,1,,,3700000
1914,Furnished,North-West,3+,,,45000000
1915,Unfurnished,East,3+,,,13000000
1918,Semi-Furnished,West,0,,,6500000
1919,Unfurnished,North,1,,,4100000
1920,Furnished,East,1,,,9000000
1923,Unfurnished,East,3+,,,770000
1931,Semi-Furnished,East,2,,,52500000
1932,Unfurnished,West,3+,,,21500000
1934,Furnished,East,1,,,7800000
1936,Unfurnished,West,1,,,2800000
1938,Unfurnished,East,0,,,1011000
1940,Unfurnished,South-East,0,,,4500000
1945,Semi-Furnished,North-East,2,,,12000000
1946,Semi-Furnished,East,1,,,6700000
1947,Unfurnished,South-West,0,,,850000000
1948,Semi-Furnished,,1,,,2200000
1949,Unfurnished,South-East,3+,,,12500000
1951,Semi-Furnished,East,2,,,65000000
1952,Unfurnished,East,1,,,4999999
1953,Unfurnished,North-East,1,,,4500000
1954,Unfurnished,North-West,1,,,2500000
1956,Unfurnished,North,1,,,3200000
1957,Unfurnished,East,0,,,750000
1958,Furnished,North-West,2,,,11000000
1959,Unfurnished,East,2,,,5200000
1960,Semi-Furnished,,1,,,10000000
1961,Unfurnished,South-East,1,,,8800000
1962,Furnished,West,,,,4500000
1963,Furnished,,,,,2200000
1966,Unfurnished,North,,,,4000000
1969,Furnished,East,0,,,12000000
1970,Unfurnished,West,2,,,2199999
1971,Furnished,West,1,,,4500000
1972,Unfurnished,West,2,,,10000000
1973,Unfurnished,East,2,,,7500000
1974,Semi-Furnished,North-East,1,,,1650000
1976,Unfurnished,,,,,1149999
1977,Semi-Furnished,West,2,,,8500000
1978,Semi-Furnished,North,3+,,,12000000
1981,Furnished,East,1,,,80000000
1982,Furnished,,3,,,20000000
1984,Unfurnished,North-East,1,,,5000000
1985,Unfurnished,East,0,,,1250000
1986,Semi-Furnished,West,1,,,2760000
1991,Furnished,North,3,,,19600000
1993,Semi-Furnished,North,0,,,12900000
1994,Unfurnished,South,1,,,9900000
1996,Unfurnished,East,1,,,13500000
1997,Semi-Furnished,South,1,,,5000000
1998,Semi-Furnished,North-West,1,,,3000000
1999,Furnished,,2,,,45000000
2000,Furnished,,2,,,35000000
2003,Unfurnished,South,0,,,3000000
2005,Semi-Furnished,North,0,,,125000
2006,Semi-Furnished,North,2,,,5000000
2007,Furnished,,,,,2700000
2008,Unfurnished,South,0,,,3500000
2009,Unfurnished,East,1,,,7800000
2010,Unfurnished,East,1,,,9625250
2012,Semi-Furnished,West,0,,,5500000
2013,,East,2,,,6900000
2014,Furnished,,1,,,430000
2016,Unfurnished,East,1,,,5000000
2017,Semi-Furnished,East,1,,,70000000
2019,Unfurnished,,0,,,4100000
2020,Unfurnished,North-East,1,,,2250000
2021,Unfurnished,,1,,,1200000
2022,Unfurnished,North,0,,,1200000
2023,Semi-Furnished,North-East,2,,,2675000
2025,Unfurnished,West,3,,,5200000
2026,Semi-Furnished,South,1,,,3500000
2027,Semi-Furnished,East,1,,,40000000
2030,Unfurnished,South-East,0,,,8800000
2031,Unfurnished,,,,,2549000
2032,Furnished,East,3+,,,25000000
2033,Semi-Furnished,West,1,,,4900000
2034,Unfurnished,East,2,,,3200000
2035,Furnished,,,,,2000000
2036,,,1,,,5500000
2037,Semi-Furnished,West,0,,,4400000
2038,Unfurnished,,0,,,2800000
2040,Unfurnished,South-East,0,,,1500000
2041,Unfurnished,West,1,,,1400000
2043,Unfurnished,West,,,,3000000
2046,Semi-Furnished,North,3+,,,11500000
2047,Semi-Furnished,North-East,2,,,65000000
2049,Unfurnished,North-East,1,,,3500000
2051,Unfurnished,East,1,,,9900000
2053,Unfurnished,East,0,,,5000000
2054,Unfurnished,,2,,,19600000
2056,Unfurnished,North-East,0,,,1500000
2057,Furnished,East,1,,,32500000
2058,Unfurnished,North-East,0,,,1900000
2059,Unfurnished,West,1,,,15000000
2061,Furnished,North,0,,,2600000
2062,Unfurnished,North,1,,,3000000
2063,Unfurnished,East,3+,,,13500000
2064,Furnished,,1,,,6000000
2067,Unfurnished,East,0,,,2300000
2069,Unfurnished,,,,,3650000
2070,Semi-Furnished,North-East,1,,,3751000
2071,Semi-Furnished,West,2,,,9000000
2073,Unfurnished,East,1,,,12500000
2074,Unfurnished,South-West,1,,,2500000
2076,Unfurnished,East,0,,,5500000
2077,Furnished,South-West,2,,,11000000
2078,Unfurnished,North,1,,,2100000
2079,Semi-Furnished,East,1,,,1643000
2080,Unfurnished,East,1,,,100000
2081,Unfurnished,North-East,,,,5200000
2082,Semi-Furnished,North-East,1,,,3000000
2083,Unfurnished,,,,,1600000
2084,Semi-Furnished,West,1,,,10000
2085,Unfurnished,,,,,1999999
2086,Semi-Furnished,,3+,,,1500000
2087,,,0,,,6500000
2091,Unfurnished,East,1,,,3900000
2094,Semi-Furnished,South,0,,,7800000
2096,Semi-Furnished,,1,,,21500000
2098,Unfurnished,North-West,1,,,2700000
2099,Semi-Furnished,East,0,,,1100000
2101,Unfurnished,,,,,1200000
2103,Furnished,East,0,,,750000
2105,Semi-Furnished,North,1,,,6300000
2107,Unfurnished,South-West,1,,,4000000
2108,Unfurnished,North,1,,,5800000
2110,Semi-Furnished,East,1,,,8000000
2113,Unfurnished,West,1,,,8500000
2115,Unfurnished,,1,,,5500000
2116,Semi-Furnished,West,0,,,1700000
2117,Unfurnished,,2,,,6100000
2118,Semi-Furnished,South,0,,,3800000
2119,Unfurnished,West,,,,3250000
2122,Unfurnished,,,,,1300000
2123,Semi-Furnished,East,,,,7000000
2126,Unfurnished,North,1,,,3850000
2127,Furnished,,1,,,22500000
2129,Semi-Furnished,East,2,,,8750000
2130,Unfurnished,South,0,,,1000000
2131,Unfurnished,,1,,,4700000
2132,Unfurnished,,0,,,7500000
2133,Semi-Furnished,West,1,,,1375000
2134,Semi-Furnished,East,1,,,4999000
2135,Semi-Furnished,West,,,,3900000
2136,Unfurnished,East,,,,6000000
2137,Semi-Furnished,West,2,,,5211000
2138,Semi-Furnished,South,2,,,15000000
2142,Furnished,South-East,1,,,14000000
2143,Unfurnished,East,1,,,8100000
2144,Semi-Furnished,South,1,,,2800000
2145,Semi-Furnished,,,,,6600000
2146,Furnished,North,1,,,5851000
2147,Semi-Furnished,,,,,6700000
2149,Semi-Furnished,East,0,,,4200000
2150,Furnished,East,1,,,7000000
2151,Semi-Furnished,West,0,,,3000000
2152,Semi-Furnished,South,2,,,7000000
2153,Semi-Furnished,West,2,,,3200000
2154,Furnished,North-East,1,,,6000000
2155,Semi-Furnished,,1,,,1550000
2157,Unfurnished,East,2,,,3300000
2158,Unfurnished,North-East,1,,,1000000
2159,Unfurnished,East,2,,,11500000
2161,Furnished,North,0,,,1300000
2163,Unfurnished,West,1,,,4800000
2164,Unfurnished,South-West,0,,,2200000
2166,Furnished,South-East,1,,,7300000
2167,Unfurnished,South,1,,,4000000
2168,Unfurnished,East,,,,3400000
2169,Semi-Furnished,West,1,,,6800000
2170,Furnished,,1,,,4100000
2171,Unfurnished,North,1,,,4800000
2172,Unfurnished,,1,,,20400000
2173,Unfurnished,East,1,,,2800000
2174,Unfurnished,,,,,600000
2175,Unfurnished,East,1,,,675000
2177,Semi-Furnished,North-East,0,,,1999000
2178,Unfurnished,,,,,2700000
2179,Unfurnished,North-East,1,,,2856000
2180,Furnished,,,,,2651000
2181,Unfurnished,East,0,,,525000
2182,Unfurnished,,,,,3600000
2183,Unfurnished,South,,,,10200000
2185,Unfurnished,South,1,,,2800000
2187,Unfurnished,East,0,,,3600000
2188,Unfurnished,South-East,1,,,8700000
2189,Unfurnished,East,0,,,3400000
2190,Semi-Furnished,South,0,,,8000000
2193,Semi-Furnished,East,1,,,14500000
2194,Semi-Furnished,South,1,,,10000
2195,Semi-Furnished,East,,,,3050000
2196,Unfurnished,East,,,,700000
2198,Unfurnished,,,,,1100000
2201,Unfurnished,North,0,,,10000
2202,Unfurnished,East,1,,,5100000
2203,Unfurnished,East,0,,,1100000
2204,Semi-Furnished,South-East,1,,,6100000
2205,Unfurnished,West,,,,4500000
2207,Furnished,North-East,1,,,120000
2209,Unfurnished,,,,,225000
2211,Unfurnished,North-East,1,,,1150000
2212,Semi-Furnished,South,1,,,9000000
2214,Unfurnished,North-East,1,,,10000
2215,Furnished,East,3,,,33000000
2216,Furnished,,1,,,10000000
2217,Semi-Furnished,North,1,,,5750000
2218,Unfurnished,East,2,,,2000000
2219,Semi-Furnished,North,0,,,700000
2220,Semi-Furnished,West,0,,,4000000
2221,Furnished,East,3+,,,9000000
2222,Unfurnished,East,1,,,300000
2224,Furnished,North,1,,,2800000
2227,Furnished,South,0,,,3000000
2228,Unfurnished,West,1,,,1650000
2229,Semi-Furnished,East,2,,,6700000
2230,Unfurnished,,,,,2100000
2231,Semi-Furnished,,1,,,4000000
2232,Unfurnished,North-East,0,,,1700000
2233,Unfurnished,South-West,1,,,8800000
2234,Unfurnished,East,1,,,5600000
2235,Semi-Furnished,,,,,2500000
2237,Unfurnished,East,1,,,40000000
2239,Furnished,,,,,5500000
2240,Furnished,,1,,,3500000
2241,Semi-Furnished,South,0,,,1000000
2242,Unfurnished,West,3+,,,4500000
2243,Unfurnished,East,2,,,6900000
2244,Furnished,West,0,,,1800000
2245,Semi-Furnished,South-East,1,,,6200000
2248,Furnished,,,,,700000
2250,Semi-Furnished,West,0,,,2100000
2251,Unfurnished,West,3+,,,3500000
2252,Furnished,West,0,,,2000000
2253,Semi-Furnished,,3,,,17500000
2258,Unfurnished,North,1,,,9400000
2259,Unfurnished,,,,,1900000
2260,Unfurnished,South,1,,,12000000
2261,Semi-Furnished,East,1,,,17500000
2262,Semi-Furnished,West,,,,4700000
2263,Semi-Furnished,East,0,,,5599999
2265,Unfurnished,West,1,,,1225000
2268,Unfurnished,West,0,,,4000000
2270,Furnished,North,0,,,9900000
2271,Semi-Furnished,South,1,,,6500000
2272,Semi-Furnished,South,1,,,8099999
2273,Unfurnished,North,0,,,4800000
2274,Unfurnished,,,,,800000
2275,Unfurnished,,0,,,800000
2276,Furnished,,,,,500000
2279,Unfurnished,,,,,9500000
2280,Unfurnished,South,2,,,4200000
2281,Semi-Furnished,East,,,,900000
2282,Furnished,,,,,5400000
2283,Unfurnished,East,1,,,3300000
2284,Semi-Furnished,West,1,,,14000000
2287,Semi-Furnished,North-East,1,,,2100000
2288,Unfurnished,East,3,,,3800000
2289,Unfurnished,East,1,,,4751000
2290,Semi-Furnished,East,3+,,,10000
2291,Unfurnished,North-East,0,,,5500000
2295,Semi-Furnished,,2,,,2800000
2296,Unfurnished,,,,,640000
2298,Unfurnished,North-East,0,,,4000000
2299,Furnished,West,1,,,12500000
2300,Unfurnished,West,1,,,10500000
2301,Unfurnished,South,1,,,10500000
2303,Unfurnished,,1,,,5600000
86,Semi-Furnished,East,,,,12500000
2306,Furnished,,,,,2300000
2307,Unfurnished,East,1,,,1500000
2310,Unfurnished,,0,,,1500000
2312,Semi-Furnished,East,1,,,1350000
2313,Semi-Furnished,North,1,,,25000000
2314,Unfurnished,East,2,,,3350000
2316,Unfurnished,East,,,,3700000
2317,Unfurnished,East,,,,1500000
2319,Semi-Furnished,North-West,0,,,395000
2320,Unfurnished,North-West,3+,,,2500000
2325,Unfurnished,South,0,,,4200000
2326,Unfurnished,East,,,,3600000
2327,Unfurnished,,1,,,1800000
2328,Unfurnished,North,0,,,4500000
2329,Unfurnished,South,0,,,1100000
2332,Semi-Furnished,North,1,,,4200000
2333,Furnished,West,2,,,3100000
2334,,,1,,,4700000
2337,Unfurnished,East,1,,,3000001
2338,Unfurnished,East,0,,,700000
2339,Unfurnished,East,0,,,600000
2341,Semi-Furnished,East,1,,,4275000
2345,Furnished,,,,,54500000
2347,Furnished,South-East,3+,,,7000000
2348,Semi-Furnished,South,0,,,1200000
2351,Unfurnished,East,3,,,1200000
2352,Furnished,East,1,,,9800000
2356,Unfurnished,East,2,,,1800000
2357,Semi-Furnished,East,1,,,600000
2359,Semi-Furnished,North,1,,,7000000
2361,Semi-Furnished,East,0,,,4800000
2362,Unfurnished,West,1,,,6700000
2364,Semi-Furnished,East,0,,,7700000
2367,Unfurnished,West,0,,,1300000
2368,Unfurnished,,,,,1930000
2370,Semi-Furnished,East,0,,,3250000
2371,Unfurnished,South-West,0,,,2800000
2372,Unfurnished,,,,,1500000
2375,Unfurnished,East,2,,,5000000
2377,Unfurnished,North,0,,,6400000
2378,,North,1,,,3150000
2379,Semi-Furnished,North-East,,,,8000000
2380,Furnished,East,1,,,11500000
2382,Unfurnished,South-West,0,,,1100000
2385,Semi-Furnished,South,1,,,8000000
2386,Furnished,North,3+,,,19000000
2387,Semi-Furnished,North,0,,,1500000
2388,Furnished,North,,,,3500000
2390,Semi-Furnished,East,1,,,3160000
2391,Unfurnished,North-West,3+,,,20000000
2392,Unfurnished,West,0,,,500000
2393,Unfurnished,,3+,,,1400000
2394,Semi-Furnished,East,1,,,2900000
2395,Unfurnished,,0,,,3000000
2396,Furnished,,,,,6500000
2397,Furnished,West,2,,,5551000
2398,Semi-Furnished,,,,,4149000
2399,Semi-Furnished,North-East,2,,,13333333
2400,Furnished,North,1,,,13500000
2401,Semi-Furnished,East,0,,,10000
2402,Semi-Furnished,East,1,,,11800000
2403,Furnished,East,2,,,20000000
2404,Semi-Furnished,North-East,0,,,17500000
2406,Semi-Furnished,North-East,1,,,4200000
2408,Semi-Furnished,East,0,,,9000000
2409,Semi-Furnished,North-East,1,,,6200000
2410,Unfurnished,South,0,,,9000000
1427,Unfurnished,West,,,,14000000
2419,,North,1,,,24800000
2423,Unfurnished,East,0,,,150000
2425,Furnished,North,3+,,,5480000
2426,Semi-Furnished,East,0,,,8200000
2427,Semi-Furnished,South-East,1,,,4200000
2428,Furnished,East,2,,,24000000
2429,Furnished,West,2,,,9200000
2430,Semi-Furnished,North-East,3+,,,5500000
2432,Semi-Furnished,North-East,0,,,4500000
2433,Semi-Furnished,North,0,,,3700000
2435,Semi-Furnished,North,0,,,9000000
2436,Unfurnished,North,1,,,4000000
2437,Semi-Furnished,West,1,,,5800000
2439,Furnished,East,2,,,35000000
2440,Furnished,South-East,3+,,,13600000
2441,Furnished,North,3,,,40000000
2442,Semi-Furnished,East,0,,,11000000
2443,Semi-Furnished,North-East,1,,,8500000
2444,Semi-Furnished,West,0,,,10000000
2447,Unfurnished,West,1,,,1500000
2448,Unfurnished,East,1,,,9800000
2449,Unfurnished,North-East,0,,,15000000
2452,Furnished,East,2,,,27500000
2453,Semi-Furnished,North,3+,,,25500000
2454,Unfurnished,North-East,0,,,1950000
2455,Semi-Furnished,North,1,,,3200000
2457,Semi-Furnished,,,,,26000000
2459,Unfurnished,North,1,,,3400000
2460,Furnished,West,2,,,8200000
2461,Furnished,North,2,,,20500000
2462,Unfurnished,East,1,,,15000000
2464,Furnished,South,0,,,5500000
2468,Semi-Furnished,East,2,,,4800000
2470,Unfurnished,East,0,,,9500000
2473,Semi-Furnished,,1,,,600000
2474,Semi-Furnished,,2,,,12500000
2476,Unfurnished,North,2,,,6000000
2477,Semi-Furnished,North-East,2,,,8000000
2478,Unfurnished,West,1,,,13500000
2154,Furnished,North-East,,,,16000000
2480,Furnished,North-East,1,,,10000000
2481,Unfurnished,North-East,2,,,10900000
2482,Furnished,West,2,,,8500000
2483,Furnished,North,0,,,890000
2484,Semi-Furnished,West,3,,,22500000
2486,Unfurnished,North,3,,,13000
2487,Unfurnished,East,1,,,4300000
2490,Unfurnished,North,1,,,6000000
2491,Semi-Furnished,North,1,,,10000
2493,Semi-Furnished,East,1,,,37500000
2494,Furnished,North-East,,,,95000000
2496,Furnished,East,1,,,15300000
2497,Semi-Furnished,East,0,,,14000000
2500,Semi-Furnished,North-West,1,,,6600000
2501,Semi-Furnished,East,1,,,9900000
2503,Furnished,North-East,1,,,12000000
2504,Semi-Furnished,East,1,,,8500000
2505,Semi-Furnished,,2,,,14000000
2506,Unfurnished,West,1,,,5200000
2507,Furnished,North,1,,,2610000
2510,Unfurnished,East,,,,8500000
2511,Semi-Furnished,West,1,,,7800000
2514,Furnished,North,2,,,16500000
2515,Unfurnished,West,,,,8500000
2516,Semi-Furnished,North,0,,,6800000
2519,Semi-Furnished,North-West,1,,,10500000
2520,Semi-Furnished,West,1,,,2500000
2521,Furnished,East,1,,,2850000
2522,Furnished,North,1,,,14500000
2523,Unfurnished,South,1,,,9600000
2524,Unfurnished,North,3,,,19900000
2527,Furnished,North,1,,,12500
2529,Unfurnished,South,0,,,4800000
2530,Unfurnished,South,0,,,3100000
2531,Semi-Furnished,North-East,1,,,10200000
2532,Unfurnished,,1,,,9000000
2533,Furnished,East,3+,,,16000000
2534,Furnished,West,1,,,14000000
2537,Furnished,East,3,,,36000000
2540,Furnished,West,2,,,10000000
2541,Unfurnished,North,3+,,,13000000
2542,Unfurnished,East,2,,,5400000
2543,Unfurnished,North-East,3+,,,13000000
2544,Semi-Furnished,East,3+,,,35000000
2546,Semi-Furnished,East,1,,,8600000
2547,Semi-Furnished,East,1,,,8300000
2548,Furnished,North,2,,,6500000
2550,Unfurnished,South,0,,,4000000
2551,Semi-Furnished,North-East,2,,,12600000
2552,Semi-Furnished,,1,,,3100000
2553,Furnished,South,2,,,9000000
2554,Semi-Furnished,West,1,,,18000000
2557,Unfurnished,East,2,,,12500000
2559,Unfurnished,West,2,,,9000000
2561,Unfurnished,North-East,,,,5000000
2562,Furnished,West,1,,,18500000
2563,Unfurnished,North-East,1,,,6000000
2565,Furnished,North,,,,7000000
2566,Semi-Furnished,North,3+,,,31500000
2567,Semi-Furnished,East,1,,,38688000
2568,Furnished,South-East,2,,,7500000
2570,Unfurnished,,,,,3200000
2572,Unfurnished,,1,,,14000000
2574,Unfurnished,North-East,1,,,6400000
2575,Semi-Furnished,North-East,1,,,10000000
2576,Semi-Furnished,North-West,3+,,,27700000
2577,Semi-Furnished,West,1,,,19000000
2579,Unfurnished,,0,,,4300000
2580,Semi-Furnished,East,3,,,26000000
2581,Unfurnished,East,,,,2800000
2582,Furnished,North-West,1,,,10000
2583,Semi-Furnished,North-East,2,,,9998200
2585,Semi-Furnished,East,,,,9300000
2586,Furnished,South,,,,6500000
2587,Semi-Furnished,North-East,1,,,8010000
2589,Unfurnished,East,1,,,10500000
2590,,East,,,,5500000
2591,Semi-Furnished,East,1,,,5700000
2592,Semi-Furnished,North-East,2,,,8398300
2595,Semi-Furnished,East,1,,,5900000
2597,Unfurnished,North-West,0,,,5000000
2601,Furnished,East,2,,,47000000
2602,Furnished,East,3,,,32000096
2603,Furnished,East,3+,,,35000096
2604,Furnished,North,3,,,17000096
2605,Semi-Furnished,North,1,,,38000000
2607,Semi-Furnished,East,2,,,21500000
2608,Unfurnished,South-West,,,,6500000
2609,Unfurnished,,,,,1750000
2610,Furnished,North-West,1,,,16800000
2611,Semi-Furnished,North,2,,,5001000
2613,Unfurnished,East,0,,,4800000
2614,Furnished,North,1,,,18000000
2616,Semi-Furnished,West,0,,,2690000
2617,Furnished,North-East,3+,,,15000000
2619,Semi-Furnished,South,1,,,9600000
2620,Unfurnished,West,1,,,9500000
2621,Furnished,East,1,,,10100000
2622,Unfurnished,East,1,,,5900000
2623,Unfurnished,North-East,2,,,5500000
2624,Unfurnished,North,0,,,2800000
2625,Semi-Furnished,South-East,1,,,8700000
2626,Furnished,East,0,,,800000
2627,Semi-Furnished,East,1,,,2959200
2628,Semi-Furnished,East,3,,,2499999
2629,,East,,,,28500000
2631,Semi-Furnished,East,3+,,,17500000
2634,Unfurnished,East,1,,,7999999
2635,Semi-Furnished,North,3,,,64800000
2637,Unfurnished,South-East,0,,,5000000
2638,Semi-Furnished,East,2,,,6900000
2640,Semi-Furnished,,2,,,9800000
2642,Semi-Furnished,South,2,,,3900000
2643,Unfurnished,South-West,,,,11500000
2645,Unfurnished,North-East,1,,,9800000
2646,Semi-Furnished,North,2,,,11000000
2648,Furnished,East,3,,,29500000
2649,Unfurnished,North,0,,,2000000
2653,Semi-Furnished,North-East,1,,,7800000
2654,Unfurnished,East,3+,,,5849999
2655,Unfurnished,North,0,,,7200000
2656,Unfurnished,North,3+,,,11000000
2657,Furnished,East,0,,,8900000
2658,Furnished,East,,,,10500000
2661,Furnished,North-West,2,,,6800000
2662,Semi-Furnished,East,3,,,17550000
2663,Semi-Furnished,North,1,,,7450000
2664,Semi-Furnished,East,2,,,9900000
2665,Semi-Furnished,South,1,,,2600000
2669,Furnished,South-East,1,,,1800000
2670,Semi-Furnished,West,0,,,9900000
2671,Furnished,West,0,,,10500000
2673,Semi-Furnished,North-West,1,,,5900000
2674,Unfurnished,,0,,,1425000
2675,Semi-Furnished,,1,,,25000000
2676,Semi-Furnished,East,1,,,10500000
2678,Semi-Furnished,North,,,,4900000
2679,Furnished,,2,,,4300000
2682,Unfurnished,East,2,,,5500000
2686,Unfurnished,North,,,,7800000
2688,Unfurnished,South-West,0,,,3500000
2690,Semi-Furnished,North-East,3,,,25000000
2691,Unfurnished,North,,,,5000000
2693,Furnished,,0,,,10500000
2695,Furnished,East,2,,,16500000
2697,Semi-Furnished,West,1,,,13500000
2698,Furnished,East,1,,,6300000
2699,Semi-Furnished,South,1,,,4400000
2700,Unfurnished,,,,,3100000
2701,Unfurnished,North,1,,,5500000
2702,Furnished,West,2,,,22000000
2703,Semi-Furnished,North,0,,,4900000
2704,Unfurnished,West,2,,,30000000
2705,Furnished,North,1,,,4500000
2707,Semi-Furnished,West,0,,,4500000
2708,,West,1,,,8000000
2709,Semi-Furnished,North,2,,,10000000
2710,Unfurnished,,,,,4300000
2711,Semi-Furnished,West,1,,,3700000
2712,Furnished,North,0,,,1800000
2714,Unfurnished,North-West,1,,,3723000
2716,Semi-Furnished,East,0,,,2499999
2717,Furnished,,,,,11000000
2719,,,,,,3800000
2720,Semi-Furnished,South-East,3+,,,12000000
2722,Furnished,North-West,0,,,3600000
2724,Semi-Furnished,South-East,1,,,6400000
2726,Semi-Furnished,South,0,,,22000000
2727,Furnished,North,0,,,16000000
2728,Furnished,South-West,0,,,6500000
2729,Semi-Furnished,North,1,,,4600000
2730,Semi-Furnished,North-East,1,,,7500000
2732,Semi-Furnished,West,0,,,2800000
2733,Semi-Furnished,North-West,1,,,8500000
2736,Unfurnished,,2,,,25000000
2738,Furnished,North,1,,,4900000
2739,Unfurnished,East,,,,2300000
2742,Furnished,South-East,1,,,20000000
2743,Unfurnished,North-East,2,,,3800000
2744,Furnished,East,,,,20000000
2745,Semi-Furnished,East,1,,,16500000
2746,Furnished,North-West,1,,,3000000
2747,Furnished,East,1,,,7500000
2749,Unfurnished,South,2,,,16000000
2752,Unfurnished,North,0,,,4700000
2753,Furnished,East,,,,9900000
2754,Furnished,East,2,,,38000000
2759,Semi-Furnished,East,,,,10000
2760,Unfurnished,North-East,1,,,3650000
2761,Unfurnished,West,1,,,4350000
2762,Furnished,East,1,,,12800000
2765,Semi-Furnished,West,2,,,9200000
2766,Furnished,,,,,23000000
2767,Semi-Furnished,West,2,,,13500000
2769,Unfurnished,East,0,,,4000000
2770,Furnished,East,0,,,9000000
2771,Furnished,East,2,,,19000000
2772,Semi-Furnished,South-East,1,,,9500000
2774,Semi-Furnished,North,3,,,24000000
2775,Semi-Furnished,North-East,1,,,8900000
2776,Semi-Furnished,West,0,,,13000000
2777,Semi-Furnished,South-East,0,,,11000000
2778,Semi-Furnished,North,1,,,105000000
2779,Semi-Furnished,North,1,,,12500000
2780,Unfurnished,North,0,,,15000000
2781,Unfurnished,North,2,,,7200000
2783,Unfurnished,North,,,,4900000
2784,Semi-Furnished,North-West,1,,,2900000
2785,Unfurnished,South,,,,9000000
2786,Semi-Furnished,East,1,,,4090000
2787,Semi-Furnished,East,0,,,19500000
2788,Semi-Furnished,North-East,3+,,,8500000
2789,Semi-Furnished,West,,,,7000000
2790,Unfurnished,North-West,,,,12000000
2791,Semi-Furnished,,3+,,,60000000
2792,Semi-Furnished,North-West,0,,,8900000
2797,Unfurnished,North,,,,6800000
2798,Unfurnished,North-East,,,,2400000
2799,Furnished,East,1,,,21500000
2800,Semi-Furnished,South-East,0,,,13000000
2802,Unfurnished,,1,,,54000
2804,Semi-Furnished,North,,,,5000000
2805,Semi-Furnished,South,0,,,5600000
2806,Furnished,West,0,,,10000000
2808,Furnished,West,3+,,,25000000
2809,Semi-Furnished,East,1,,,9100000
2810,Semi-Furnished,North-East,3,,,29000000
2811,Unfurnished,East,3+,,,15000000
2813,Furnished,West,3,,,18000000
2814,Semi-Furnished,North,1,,,11500000
2815,Semi-Furnished,South,0,,,12500000
2817,Unfurnished,,,,,400000
2818,Unfurnished,,0,,,3500000
2821,Semi-Furnished,North,0,,,6500000
2822,Furnished,East,2,,,1100000
2823,Furnished,North-West,1,,,6100000
2824,Semi-Furnished,North,,,,2500000
2825,Unfurnished,East,1,,,1600000
2826,Unfurnished,East,1,,,5700000
2827,Unfurnished,North-East,1,,,5800000
2828,Furnished,North-West,0,,,10000000
2830,Semi-Furnished,North,1,,,8900000
2831,Furnished,East,2,,,44000000
2832,Furnished,North-West,1,,,50000000
2833,Furnished,North,0,,,17500000
2834,Furnished,South-East,3,,,20000000
2835,Semi-Furnished,North-East,2,,,30000000
2836,Semi-Furnished,,1,,,6000000
2837,Semi-Furnished,North,2,,,15400000
2839,Unfurnished,East,3,,,6800000
2840,Unfurnished,South-East,0,,,250000
2841,Semi-Furnished,North-East,0,,,10000
2843,Semi-Furnished,North,3+,,,8000000
2845,Semi-Furnished,East,2,,,14999999
2846,Unfurnished,North,1,,,10000
2847,Unfurnished,,3+,,,9000000
2848,Unfurnished,East,0,,,7500000
2849,Furnished,North-West,1,,,4200000
2850,Furnished,South-East,1,,,8600000
2853,Furnished,North-East,0,,,1900000
2854,Furnished,,,,,20000000
2855,Semi-Furnished,,,,,45000000
2857,Furnished,North,1,,,8300000
2858,Semi-Furnished,East,2,,,15350000
2859,Furnished,,0,,,5100000
2860,Furnished,,2,,,6500000
2861,Semi-Furnished,East,1,,,10000
2867,Semi-Furnished,West,2,,,13000000
2868,Semi-Furnished,East,2,,,27500000
2869,Unfurnished,,,,,1000000
2870,Unfurnished,West,,,,5800000
2871,Semi-Furnished,East,1,,,16800000
2872,Unfurnished,North,,,,8000000
2873,Semi-Furnished,East,3+,,,33000000
2874,Semi-Furnished,North,0,,,6200000
2875,Semi-Furnished,North,0,,,4700000
2876,Semi-Furnished,,,,,4800000
2878,Semi-Furnished,East,0,,,7200000
2881,Unfurnished,East,0,,,7400000
2884,Furnished,North-East,0,,,4500000
2885,Semi-Furnished,North,0,,,31000000
2887,Unfurnished,North,1,,,11000000
2888,Semi-Furnished,North-West,2,,,23800000
2889,Semi-Furnished,East,0,,,4300000
2890,Semi-Furnished,North-East,2,,,22000000
2892,Semi-Furnished,North-East,1,,,15000000
2893,Unfurnished,East,1,,,950000
2896,Unfurnished,East,1,,,9200000
2897,Semi-Furnished,North,2,,,1300000
2898,Unfurnished,South-West,,,,2800000
2899,Unfurnished,North,1,,,7000000
2900,Unfurnished,East,1,,,21000000
2901,Unfurnished,West,2,,,20000000
2904,Furnished,South,0,,,6500000
2905,Furnished,South,1,,,5899999
2906,Semi-Furnished,North-West,1,,,6300000
2907,Furnished,North-East,0,,,2650000
2911,Furnished,North-East,1,,,9900000
2913,Furnished,South-East,1,,,6200000
2914,,East,1,,,2500000
2915,Semi-Furnished,North-East,1,,,4700000
2917,Unfurnished,South-West,1,,,7800000
2924,Furnished,East,2,,,4500000
2930,Semi-Furnished,East,3+,,,9900000
2931,Semi-Furnished,North,3,,,8800000
2934,Unfurnished,West,3,,,50000000
2936,Semi-Furnished,North-East,1,,,5500000
2937,,East,1,,,4600000
2938,Semi-Furnished,East,1,,,4900000
2939,Semi-Furnished,North-West,0,,,7500000
2940,Unfurnished,East,2,,,11000000
2941,Semi-Furnished,East,,,,1840000
2944,Unfurnished,East,,,,1850000
2946,Semi-Furnished,South-West,1,,,7800000
2947,Semi-Furnished,North-West,,,,18000000
2948,Semi-Furnished,North-West,1,,,4800000
2949,Semi-Furnished,North-West,2,,,7500000
2952,Furnished,South-West,1,,,7600000
2953,Unfurnished,West,3+,,,8500000
2954,Unfurnished,East,1,,,4900000
2957,Unfurnished,East,1,,,1450000
2959,Unfurnished,South,3+,,,12500000
2960,Furnished,South-East,0,,,2550000
2963,Unfurnished,East,1,,,1275000
2967,Semi-Furnished,South-West,1,,,7200000
2968,Unfurnished,West,1,,,2600000
2969,Furnished,South-East,1,,,4800000
2970,Unfurnished,,2,,,2350000
2971,Furnished,North,3+,,,9500000
2973,Semi-Furnished,,0,,,3750000
2975,Semi-Furnished,North-East,0,,,3750000
2977,Furnished,North-East,2,,,11500000
2978,Semi-Furnished,East,2,,,4450000
2980,Unfurnished,North-East,1,,,5500000
2981,Semi-Furnished,West,,,,2100000
2982,Semi-Furnished,South-West,0,,,4000000
2983,Unfurnished,,,,,1400000
2984,Semi-Furnished,,0,,,2200000
2985,Unfurnished,North-West,1,,,7000000
2986,Semi-Furnished,South-East,0,,,4500000
2987,Furnished,East,0,,,1300000
2989,Furnished,,0,,,3199999
2990,Furnished,North-East,1,,,6500000
2994,Unfurnished,South-East,3+,,,8600000
2995,Semi-Furnished,,3+,,,30000000
2997,,West,1,,,6200000
2998,Semi-Furnished,North-East,3,,,22500000
2999,Semi-Furnished,East,1,,,13400000
3000,Furnished,North,3+,,,32000000
3004,Unfurnished,East,2,,,17000
3005,Furnished,North,1,,,23500000
3006,Unfurnished,East,1,,,6800000
3008,Semi-Furnished,North-East,0,,,3600000
3010,Semi-Furnished,North,1,,,14000000
3011,Semi-Furnished,South,1,,,7500000
3013,Semi-Furnished,South-West,0,,,7500000
3016,Furnished,East,1,,,5400000
3018,Semi-Furnished,,,,,1300000
3020,Semi-Furnished,West,2,,,5800000
3022,Semi-Furnished,West,3,,,16000000
3024,Furnished,East,2,,,9500000
3025,Unfurnished,North,1,,,4200000
3026,,East,,,,3000000
3027,Unfurnished,North-West,1,,,9500000
3028,Furnished,South-East,1,,,5400000
3030,Semi-Furnished,North-East,1,,,5200000
3031,Furnished,West,2,,,7500000
3037,Unfurnished,North-East,0,,,2700000
3040,Semi-Furnished,East,1,,,1900000
3043,Unfurnished,North,1,,,5900000
3045,Furnished,North-West,2,,,7500000
3048,Semi-Furnished,South,1,,,22000000
3049,Semi-Furnished,South,0,,,8500000
3050,Semi-Furnished,North-West,1,,,6000000
3051,Semi-Furnished,North,1,,,8250000
3054,Semi-Furnished,,1,,,11000
3055,Furnished,South-East,1,,,12000000
3056,Unfurnished,West,,,,2300000
3057,Furnished,North-East,1,,,5400000
3059,Semi-Furnished,East,,,,2450000
3060,Semi-Furnished,North,1,,,2750000
3061,Unfurnished,West,0,,,5000000
3063,Semi-Furnished,North-East,1,,,4499000
3064,Furnished,East,3+,,,12000000
3065,Furnished,West,,,,4400000
3066,Unfurnished,North-East,3+,,,35000000
3068,Furnished,East,2,,,5000000
3069,Semi-Furnished,,,,,60000000
3070,Semi-Furnished,South-West,1,,,5500000
3072,Unfurnished,North-West,1,,,5800000
3073,Semi-Furnished,North-East,1,,,8580000
3074,,East,,,,2600000
3075,,,1,,,3900000
3076,Furnished,North-West,1,,,5800000
3077,Semi-Furnished,West,0,,,3243213
3079,Semi-Furnished,North-West,1,,,13500000
3080,Semi-Furnished,North,1,,,8800000
3081,Furnished,,1,,,5000000
3082,Furnished,South-West,1,,,6700000
3083,Semi-Furnished,East,0,,,500000
3084,Unfurnished,,,,,4200000
3087,Semi-Furnished,West,3,,,15000000
3088,Furnished,North-East,2,,,6500000
3093,Semi-Furnished,West,,,,3800000
3095,Furnished,South,1,,,4000000
3099,Unfurnished,South,0,,,3600000
3101,Semi-Furnished,West,1,,,9495000
3104,Unfurnished,North-East,,,,4000000
3106,Furnished,North-East,1,,,5600000
3107,Furnished,East,1,,,5600000
3108,Semi-Furnished,North-East,1,,,5250000
3109,Furnished,East,1,,,6100000
3113,Unfurnished,East,1,,,2900000
3117,Semi-Furnished,South-West,1,,,8000000
3119,Semi-Furnished,,2,,,11500000
3120,Furnished,West,0,,,3299999
3121,Semi-Furnished,East,1,,,7600000
3122,Furnished,North-West,0,,,1700000
3124,Semi-Furnished,East,0,,,1500000
3125,Unfurnished,East,2,,,24000000
3126,Furnished,North-East,3,,,8300000
3127,Semi-Furnished,East,2,,,29500000
3129,Furnished,East,2,,,4400000
3132,Semi-Furnished,East,2,,,4700000
3134,Semi-Furnished,,,,,1650000
3135,Semi-Furnished,,,,,8400000
3136,Semi-Furnished,South-West,1,,,13000000
3138,Semi-Furnished,East,1,,,13500000
3141,Semi-Furnished,West,1,,,8400000
3143,Furnished,North-East,1,,,8200000
3149,Unfurnished,North-East,1,,,8500000
3154,Semi-Furnished,North-East,2,,,12500000
3155,Semi-Furnished,North-East,2,,,11500000
3156,Unfurnished,West,0,,,4300000
3157,Semi-Furnished,East,2,,,4499999
3158,Semi-Furnished,East,2,,,4551000
3159,Semi-Furnished,North-East,1,,,9499999
3160,Furnished,North-East,,,,4800000
3161,Unfurnished,North-East,,,,2300000
3162,Furnished,North-East,,,,4500000
3163,Furnished,North-East,1,,,4800000
3164,Semi-Furnished,West,1,,,6999999
3165,Furnished,North-East,0,,,3100000
3167,Semi-Furnished,North-West,1,,,18000000
3169,,,3,,,31000000
3172,,West,2,,,16800000
3173,Semi-Furnished,North,2,,,26200000
3174,Semi-Furnished,,1,,,5700000
3175,Unfurnished,East,3+,,,19800000
3177,Semi-Furnished,East,2,,,4599999
3178,Unfurnished,South,2,,,17800000
3179,Semi-Furnished,North,,,,9900000
3180,,North,2,,,12900000
3181,Semi-Furnished,North,,,,32500000
3182,Unfurnished,,,,,2400000
3185,Semi-Furnished,North-East,1,,,11000000
3187,Unfurnished,North-East,1,,,11500000
3188,Semi-Furnished,,1,,,9900000
3190,Unfurnished,East,,,,3500000
3191,Semi-Furnished,East,3+,,,9500000
3192,Furnished,East,,,,3300000
3193,Unfurnished,South-West,1,,,4200000
3195,Semi-Furnished,East,0,,,3800000
3197,Furnished,North-East,3+,,,18000000
3199,Furnished,East,0,,,8500000
3200,Furnished,South,1,,,16000000
3202,Furnished,East,0,,,9500000
3203,Semi-Furnished,West,0,,,1900000
3208,Unfurnished,South,1,,,6500000
3209,Semi-Furnished,North-West,0,,,3400000
3212,Unfurnished,North-East,2,,,10000000
3213,Unfurnished,South,2,,,4999999
3215,Furnished,North-East,0,,,7500000
3216,Semi-Furnished,West,3,,,22000000
3217,Unfurnished,North-East,2,,,10002000
3219,Furnished,South,1,,,4100000
3220,Furnished,,,,,1850000
3221,Semi-Furnished,North-East,2,,,24000000
3222,Furnished,South-East,0,,,4500000
3224,Unfurnished,South-East,1,,,5000000
3225,Furnished,South-East,1,,,7800000
3226,Furnished,North-East,1,,,5200000
3233,Semi-Furnished,North,1,,,450000
3236,Furnished,North-East,1,,,5700000
3237,Furnished,North-East,1,,,6800000
3238,Semi-Furnished,North-East,2,,,6500000
3244,Semi-Furnished,South,0,,,7500000
3247,Semi-Furnished,South,1,,,6000000
3249,Semi-Furnished,West,1,,,9500000
3250,Furnished,South-West,0,,,2755000
3251,Unfurnished,South-West,,,,8500000
3252,Unfurnished,West,2,,,13500000
3253,Unfurnished,West,1,,,4900000
3255,,,,,,3900000
1003,Semi-Furnished,,2,,,5500000
767,Semi-Furnished,North-East,,,,12200000
3259,Unfurnished,North-West,0,,,3500000
3262,Furnished,North,1,,,4300000
3263,Semi-Furnished,North-West,1,,,4500000
3265,Unfurnished,South-West,0,,,7500000
3270,Unfurnished,North-East,1,,,2400000
3271,Unfurnished,West,1,,,3250000
3272,Unfurnished,South,0,,,744000
3273,Furnished,North-East,1,,,2300000
3275,Furnished,West,1,,,3600000
3277,Unfurnished,South-West,0,,,4500000
3278,Unfurnished,South,2,,,15000000
3280,Semi-Furnished,North,1,,,3300000
3281,Unfurnished,South-West,2,,,5000000
3282,Furnished,North,0,,,1850000
3284,Unfurnished,North-East,3+,,,50000000
1793,Unfurnished,North,1,,,2500000
3286,Semi-Furnished,West,1,,,5600000
3287,Semi-Furnished,,0,,,6500000
3288,Unfurnished,East,1,,,7000000
3289,Furnished,,,,,1450000
3290,Unfurnished,South-West,1,,,1300000
3291,Furnished,East,0,,,3500000
3292,Semi-Furnished,East,1,,,6800000
3295,Unfurnished,West,0,,,4200000
3296,Furnished,West,1,,,2100000
3298,Unfurnished,South,0,,,8500000
3299,Furnished,North-West,1,,,7200000
3300,Furnished,East,0,,,4800000
3304,Unfurnished,South-East,0,,,3000000
3308,Furnished,North,3,,,9700000
3309,Unfurnished,North-East,,,,995000
3310,Furnished,East,1,,,4600000
3312,Unfurnished,East,,,,2025000
3313,Semi-Furnished,East,,,,3500000
3314,Semi-Furnished,East,1,,,15000000
3315,Furnished,North-West,0,,,1800000
3318,Furnished,North-East,1,,,2250000
3321,Unfurnished,South-East,0,,,2000000
3323,Furnished,,3+,,,20000000
3324,Unfurnished,East,1,,,7200000
3326,Furnished,East,,,,2580000
3327,Unfurnished,South-East,0,,,2800000
3329,Unfurnished,South-East,1,,,2000000
3330,Semi-Furnished,North-East,1,,,60000
3333,Semi-Furnished,East,0,,,46500000
3334,Unfurnished,North-East,0,,,2850000
3335,Furnished,South-East,1,,,9500000
3336,Semi-Furnished,North,1,,,10000000
3337,Unfurnished,East,1,,,9500000
3338,Unfurnished,East,,,,9500000
3339,Furnished,East,0,,,2150000
3340,Furnished,East,0,,,1950000
3341,Furnished,South-West,0,,,2500000
3342,Furnished,North,0,,,3100000
3343,Furnished,West,0,,,2550000
3344,Furnished,East,0,,,2450000
3346,Unfurnished,West,1,,,7800000
3347,Semi-Furnished,North,1,,,7200000
3349,Furnished,,2,,,16000000
3352,Semi-Furnished,East,1,,,9800000
3355,Semi-Furnished,South,1,,,5100000
3356,Furnished,North-East,3+,,,2500000
3357,Furnished,,,,,4800000
3358,Furnished,East,1,,,7600000
3359,Semi-Furnished,East,1,,,9495000
3364,Semi-Furnished,West,1,,,3000000
3365,Unfurnished,North,1,,,4900000
3367,Semi-Furnished,North-West,0,,,10500000
3370,Unfurnished,South-West,0,,,4200000
3373,Furnished,East,2,,,7800000
3374,Furnished,North-East,1,,,1950000
